,Artist,Link,Title,Year,Genre
0,이광조,https://www.melon.com/song/detail.htm?songId=1138841,가까이 하기엔 너무 먼 당신,1986,발라드
1,이문세,https://www.melon.com/song/detail.htm?songId=48562,난 아직 모르잖아요,1986,발라드
2,구창모,https://www.melon.com/song/detail.htm?songId=2467994,아픈만큼 성숙해지고,1986,록/메탈
3,조용필,https://www.melon.com/song/detail.htm?songId=81122,허공,1986,성인가요
4,김완선,https://www.melon.com/song/detail.htm?songId=1104576,지난이야기 (Remake),1986,댄스
5,정수라,https://www.melon.com/song/detail.htm?songId=175164,난 너에게,1986,발라드
6,홍수철,https://www.melon.com/song/detail.htm?songId=7889312,철없던 사랑,1986,성인가요
7,높은음자리,https://www.melon.com/song/detail.htm?songId=70828,나 그리고 별,1986,발라드
8,민해경,https://www.melon.com/song/detail.htm?songId=1878134,사랑은 이제 그만,1986,발라드
9,이선희,https://www.melon.com/song/detail.htm?songId=48362,갈바람,1986,발라드
10,최진희,https://www.melon.com/song/detail.htm?songId=60162,우린 너무 쉽게 헤어졌어요,1986,성인가요
11,다섯손가락,https://www.melon.com/song/detail.htm?songId=1573429,새벽기차,1986,발라드
12,전영록,https://www.melon.com/song/detail.htm?songId=1032963,그대 우나봐,1986,발라드
13,높은음자리,https://www.melon.com/song/detail.htm?songId=70840,바다에 누워,1986,발라드
14,해바라기,https://www.melon.com/song/detail.htm?songId=2036561,사랑은 언제나 그 자리에,1986,포크/블루스
15,명혜원,https://www.melon.com/song/detail.htm?songId=175171,청량리 부르스,1986,발라드
16,최성수,https://www.melon.com/song/detail.htm?songId=1185199,남남,1986,발라드
17,남궁옥분,https://www.melon.com/song/detail.htm?songId=1052222,재회,1986,포크/블루스
18,들국화,https://www.melon.com/song/detail.htm?songId=1839485,그것만이 내세,1986,록/메탈
19,이광조,https://www.melon.com/song/detail.htm?songId=1091184,사랑을 잃어버린 나,1986,발라드
20,김범룡,https://www.melon.com/song/detail.htm?songId=1028300,그대는 미운사람,1986,댄스
21,김학래,https://www.melon.com/song/detail.htm?songId=68156,해야 해야,1986,발라드
22,들국화,https://www.melon.com/song/detail.htm?songId=1839486,세계로 가는 기차,1986,록/메탈
23,임병수,https://www.melon.com/song/detail.htm?songId=5806470,하얀 갈대,1986,발라드
24,이재성,https://www.melon.com/song/detail.htm?songId=976282,촛불잔치,1986,댄스
25,주현미,https://www.melon.com/song/detail.htm?songId=1002461,울면서 후회하네,1986,성인가요
26,강인원,https://www.melon.com/song/detail.htm?songId=863454,제가 먼저 사랑할래요,1986,발라드
27,이재민,https://www.melon.com/song/detail.htm?songId=1750054,골목길,1986,발라드
28,강은철,https://www.melon.com/song/detail.htm?songId=2776454,내 잘못인가,1986,포크/블루스
29,이치현,https://www.melon.com/song/detail.htm?songId=1127244,추억의 밤,1986,발라드
30,신계행,https://www.melon.com/song/detail.htm?songId=1505608,사랑 그리고 이별,1986,발라드
31,이선희,https://www.melon.com/song/detail.htm?songId=48363,괜찮아,1986,발라드
32,도시의 그림자,https://www.melon.com/song/detail.htm?songId=1073401,이 어둠의 이슬픔,1986,발라드
33,김정호,https://www.melon.com/song/detail.htm?songId=1139803,님,1986,성인가요
34,정희정,https://www.melon.com/song/detail.htm?songId=674784,내가 좋아하는 화가,1986,록/메탈
35,전영록,https://www.melon.com/song/detail.htm?songId=72776,내사랑 울보,1986,발라드
36,노사연,https://www.melon.com/song/detail.htm?songId=51148,우리에겐,1986,발라드
37,유미리,https://www.melon.com/song/detail.htm?songId=1073395,젊음의 노트,1986,발라드
38,고은희,https://www.melon.com/song/detail.htm?songId=2608657,사랑해요,1986,성인가요
39,김범룡,https://www.melon.com/song/detail.htm?songId=1028283,그순간,1986,성인가요
40,오선과 한음,https://www.melon.com/song/detail.htm?songId=51426,빛바랜 사랑,1986,포크/블루스
41,강석호,https://www.melon.com/song/detail.htm?songId=1054000,짱아야,1986,성인가요
42,정태춘,https://www.melon.com/song/detail.htm?songId=1080815,"애고,도솔천아",1986,포크/블루스
43,최헌,https://www.melon.com/song/detail.htm?songId=2228307,소나기는 왜 내리나요,1986,성인가요
44,유지연,https://www.melon.com/song/detail.htm?songId=449446,사랑과 평화,1986,발라드
45,이은하,https://www.melon.com/song/detail.htm?songId=65380,미소를 띄우며 나를 보낸 그 모습처럼,1986,댄스
46,윤수일,https://www.melon.com/song/detail.htm?songId=1726827,황홀한 고백,1986,성인가요
47,남인숙,https://www.melon.com/song/detail.htm?songId=2909257,별비,1986,성인가요
48,배철수,https://www.melon.com/song/detail.htm?songId=842547,사랑 그 아름답고 소중한 얘기들 (CF - 포스코 For happiness 편),1986,록/메탈
49,시인과 촌장,https://www.melon.com/song/detail.htm?songId=529092,비둘기에게,1986,포크/블루스
50,나미,https://www.melon.com/song/detail.htm?songId=1874917,슬픈 인연,1986,성인가요
51,유만종,https://www.melon.com/song/detail.htm?songId=993974,그러나 당신 미워요,1986,성인가요
52,임병수,https://www.melon.com/song/detail.htm?songId=5806468,아이스크림 사랑,1986,댄스
53,배따라기,https://www.melon.com/song/detail.htm?songId=50264,아빠와 크레파스,1986,포크/블루스
54,혜은이,https://www.melon.com/song/detail.htm?songId=833122,파란나라,1986,성인가요
55,이미키,https://www.melon.com/song/detail.htm?songId=192238,이,1986,발라드
56,김승진,https://www.melon.com/song/detail.htm?songId=933609,스잔(Original Ver.),1986,발라드
57,규리,https://www.melon.com/song/detail.htm?songId=1643471,오늘밤엔,1986,발라드
58,정수라,https://www.melon.com/song/detail.htm?songId=1002446,눈물의 의미,1986,발라드
59,조덕배,https://www.melon.com/song/detail.htm?songId=80913,나의 옛날이야기,1986,발라드
60,김승덕,https://www.melon.com/song/detail.htm?songId=60014,아베마리아,1986,발라드
61,김세화,https://www.melon.com/song/detail.htm?songId=1008830,아그네스,1986,성인가요
62,조영남,https://www.melon.com/song/detail.htm?songId=191654,지금,1986,발라드
63,백두산,https://www.melon.com/song/detail.htm?songId=3631736,어둠속에서,1986,록/메탈
64,조용필,https://www.melon.com/song/detail.htm?songId=81123,킬리만자로의 표범,1986,성인가요
65,양희은,https://www.melon.com/song/detail.htm?songId=525812,옛날에 옛날에,1986,포크/블루스
66,김범룡,https://www.melon.com/song/detail.htm?songId=1028299,님 떠나가네,1986,발라드
67,배따라기,https://www.melon.com/song/detail.htm?songId=50261,유리벽 찻집,1986,포크/블루스
68,해바라기,https://www.melon.com/song/detail.htm?songId=2036557,어서 말을 해,1986,포크/블루스
69,장덕,https://www.melon.com/song/detail.htm?songId=1032684,님 떠난 후,1986,발라드
70,임병수,https://www.melon.com/song/detail.htm?songId=5806465,사랑이란 말은 너무너무 흔해,1986,댄스
71,조용필,https://www.melon.com/song/detail.htm?songId=81124,바람이 전하는 말,1986,성인가요
72,최진희,https://www.melon.com/song/detail.htm?songId=60169,카페에서,1986,성인가요
73,유익종,https://www.melon.com/song/detail.htm?songId=50580,그저 바라볼수만 있어도,1986,성인가요
74,이문세,https://www.melon.com/song/detail.htm?songId=48569,휘파람,1986,발라드
75,김지애,https://www.melon.com/song/detail.htm?songId=1124515,물레야,1986,성인가요
76,김수희,https://www.melon.com/song/detail.htm?songId=1008475,고독한연인,1986,성인가요
77,오복,https://www.melon.com/song/detail.htm?songId=3868659,슬픔을 주고간 사람,1986,성인가요
78,한영애,https://www.melon.com/song/detail.htm?songId=65657,건널수 없는 강,1986,포크/블루스
79,부활,https://www.melon.com/song/detail.htm?songId=535190,희야,1986,록/메탈
80,김연자,https://www.melon.com/song/detail.htm?songId=175169,영동부르스,1986,"발라드, 성인가요"
81,김범룡,https://www.melon.com/song/detail.htm?songId=1028282,겨울 비는 내리고,1986,성인가요
82,한마음,https://www.melon.com/song/detail.htm?songId=467275,친구라 하네,1986,포크/블루스
83,김승덕,https://www.melon.com/song/detail.htm?songId=1009485,지금도 눈감으면,1986,발라드
84,다섯손가락,https://www.melon.com/song/detail.htm?songId=1573428,수요일엔 빨간 장미를,1986,발라드
85,시나위,https://www.melon.com/song/detail.htm?songId=85927,크게 라디오를 켜고,1986,록/메탈
86,들국화,https://www.melon.com/song/detail.htm?songId=1839508,하나는 외로워,1986,록/메탈
87,방미,https://www.melon.com/song/detail.htm?songId=1548872,사랑도 추억도 I,1986,발라드
88,하덕규,https://www.melon.com/song/detail.htm?songId=176114,진달래,1986,발라드
89,산울림,https://www.melon.com/song/detail.htm?songId=74737,그대 떠나는 날 비가 오는가,1986,록/메탈
90,임지훈,https://www.melon.com/song/detail.htm?songId=607414,그댈 잊었나,1986,포크/블루스
91,위금자,https://www.melon.com/song/detail.htm?songId=638757,꽃반지,1986,성인가요
92,김수철,https://www.melon.com/song/detail.htm?songId=1003183,돌이와 순이,1986,록/메탈
93,현이와 덕이,https://www.melon.com/song/detail.htm?songId=903397,너나 좋아해 나너 좋아해,1986,발라드
94,정태춘,https://www.melon.com/song/detail.htm?songId=1080813,북한강에서,1986,포크/블루스
95,이수만,https://www.melon.com/song/detail.htm?songId=58213,끝이 없는 순간,1986,발라드
96,오청수,https://www.melon.com/song/detail.htm?songId=2910025,가시나무 새,1986,성인가요
97,김수희,https://www.melon.com/song/detail.htm?songId=46411,지금은 가지 마세요,1986,성인가요
98,해바라기,https://www.melon.com/song/detail.htm?songId=2036558,내마음의 보석,1986,포크/블루스
99,김수철,https://www.melon.com/song/detail.htm?songId=1028140,"당신때문에 (연인극장 `그대, 봄을 그리는 나무` 주제곡)",1986,국내영화
100,이문세,https://www.melon.com/song/detail.htm?songId=48560,사랑이 지나가면,1987,발라드
101,이선희,https://www.melon.com/song/detail.htm?songId=48234,알고 싶어요,1987,발라드
102,조덕배,https://www.melon.com/song/detail.htm?songId=1108114,꿈에,1987,발라드
103,해바라기,https://www.melon.com/song/detail.htm?songId=2036558,내마음의 보석,1987,포크/블루스
104,이정석,https://www.melon.com/song/detail.htm?songId=1010296,사랑하기에,1987,발라드
105,장덕,https://www.melon.com/song/detail.htm?songId=1032684,님 떠난 후,1987,발라드
106,송창식,https://www.melon.com/song/detail.htm?songId=59257,참새의 하루,1987,포크/블루스
107,이치현과 벗님들,https://www.melon.com/song/detail.htm?songId=47535,사랑의 슬픔,1987,"발라드, 록/메탈"
108,김연숙,https://www.melon.com/song/detail.htm?songId=52533,그날,1987,성인가요
109,부활,https://www.melon.com/song/detail.htm?songId=535190,희야,1987,록/메탈
110,신형원,https://www.melon.com/song/detail.htm?songId=27189,개똥벌레,1987,포크/블루스
111,서울패밀리,https://www.melon.com/song/detail.htm?songId=1648521,내일이 찾아와도,1987,성인가요
112,조덕배,https://www.melon.com/song/detail.htm?songId=1108118,슬픔 그뒤에 오는 고독,1987,성인가요
113,이선희,https://www.melon.com/song/detail.htm?songId=48232,영,1987,댄스
114,최성수,https://www.melon.com/song/detail.htm?songId=4310871,풀잎사랑,1987,발라드
115,이재성,https://www.melon.com/song/detail.htm?songId=976287,고독한 DJ,1987,댄스
116,김범룡,https://www.melon.com/song/detail.htm?songId=1028057,카페와 여인,1987,발라드
117,최성수,https://www.melon.com/song/detail.htm?songId=1185204,애수,1987,발라드
118,이문세,https://www.melon.com/song/detail.htm?songId=48563,그녀의 웃음소리뿐,1987,발라드
119,김학래,https://www.melon.com/song/detail.htm?songId=68158,하늘이여,1987,발라드
120,김완선,https://www.melon.com/song/detail.htm?songId=3403907,나홀로 뜰 앞에서,1987,댄스
121,구창모,https://www.melon.com/song/detail.htm?songId=2920158,외로워 외로워,1987,록/메탈
122,최성수,https://www.melon.com/song/detail.htm?songId=1185199,남남,1987,발라드
123,유열,https://www.melon.com/song/detail.htm?songId=538285,지금 그대로의 모습으로,1987,성인가요
124,이광조,https://www.melon.com/song/detail.htm?songId=91350,세월 가면,1987,발라드
125,송창식,https://www.melon.com/song/detail.htm?songId=59258,담배가게 아가씨,1987,포크/블루스
126,이문세,https://www.melon.com/song/detail.htm?songId=48561,이별 이야기,1987,발라드
127,임지훈,https://www.melon.com/song/detail.htm?songId=619405,사랑의 썰물,1987,포크/블루스
128,수와 진,https://www.melon.com/song/detail.htm?songId=47078,새벽 아침,1987,성인가요
129,부부듀엣,https://www.melon.com/song/detail.htm?songId=48309,부부,1987,성인가요
130,유익종,https://www.melon.com/song/detail.htm?songId=50580,그저 바라볼수만 있어도,1987,성인가요
131,해바라기,https://www.melon.com/song/detail.htm?songId=2036560,너,1987,포크/블루스
132,임병수,https://www.melon.com/song/detail.htm?songId=5831391,난 어지러워요,1987,"댄스, 성인가요"
133,전영록,https://www.melon.com/song/detail.htm?songId=48162,하얀밤에,1987,발라드
134,전원석,https://www.melon.com/song/detail.htm?songId=1003544,떠나지마,1987,포크/블루스
135,유재하,https://www.melon.com/song/detail.htm?songId=1110886,사랑하기 때문에,1987,발라드
136,전영록,https://www.melon.com/song/detail.htm?songId=48161,이제 자야하나봐,1987,댄스
137,구창모,https://www.melon.com/song/detail.htm?songId=2467995,방황,1987,록/메탈
138,조용필,https://www.melon.com/song/detail.htm?songId=48103,마도요,1987,발라드
139,장덕,https://www.melon.com/song/detail.htm?songId=1032685,어른이 된 후에 사랑은 너무 어려워,1987,발라드
140,오복,https://www.melon.com/song/detail.htm?songId=3868639,시나브로,1987,성인가요
141,주현미,https://www.melon.com/song/detail.htm?songId=1002460,눈물의 부르스,1987,성인가요
142,다섯손가락,https://www.melon.com/song/detail.htm?songId=532967,풍선,1987,록/메탈
143,김수희,https://www.melon.com/song/detail.htm?songId=46411,지금은 가지 마세요,1987,성인가요
144,김범룡,https://www.melon.com/song/detail.htm?songId=1028299,님 떠나가네,1987,발라드
145,이정석,https://www.melon.com/song/detail.htm?songId=538287,첫눈이 온다구요 (`응답하라 1988` 삽입곡),1987,성인가요
146,문희옥,https://www.melon.com/song/detail.htm?songId=530355,천방지축,1987,성인가요
147,박혜성,https://www.melon.com/song/detail.htm?songId=5630960,경아,1987,발라드
148,서울패밀리,https://www.melon.com/song/detail.htm?songId=905013,이제는,1987,발라드
149,김민기,https://www.melon.com/song/detail.htm?songId=622473,아침 이슬,1987,포크/블루스
150,김현식,https://www.melon.com/song/detail.htm?songId=1314711,빗속의 연가,1987,발라드
151,김범룡,https://www.melon.com/song/detail.htm?songId=1028062,현아,1987,발라드
152,이치현과 벗님들,https://www.melon.com/song/detail.htm?songId=47536,잃어버린 계절,1987,록/메탈
153,이재성,https://www.melon.com/song/detail.htm?songId=30152710,그 집앞,1987,포크/블루스
154,산울림,https://www.melon.com/song/detail.htm?songId=74737,그대 떠나는 날 비가 오는가,1987,록/메탈
155,유열,https://www.melon.com/song/detail.htm?songId=2346659,이별이래,1987,발라드
156,전영록,https://www.melon.com/song/detail.htm?songId=72776,내사랑 울보,1987,발라드
157,높은음자리,https://www.melon.com/song/detail.htm?songId=70838,새벽새,1987,발라드
158,신계행,https://www.melon.com/song/detail.htm?songId=1505609,가을사랑,1987,발라드
159,조용필,https://www.melon.com/song/detail.htm?songId=81125,그 겨울의 찻집,1987,성인가요
160,다섯손가락,https://www.melon.com/song/detail.htm?songId=1573436,사랑할순 없는지,1987,발라드
161,현철,https://www.melon.com/song/detail.htm?songId=1002364,내 마음 별과 같이,1987,성인가요
162,이광조,https://www.melon.com/song/detail.htm?songId=1138841,가까이 하기엔 너무 먼 당신,1987,발라드
163,이문세,https://www.melon.com/song/detail.htm?songId=48523,소녀,1987,발라드
164,도시의 그림자,https://www.melon.com/song/detail.htm?songId=1073401,이 어둠의 이슬픔,1987,발라드
165,여운,https://www.melon.com/song/detail.htm?songId=1269349,홀로된 사랑,1987,포크/블루스
166,높은음자리,https://www.melon.com/song/detail.htm?songId=70833,외로운 밤은 싫어,1987,발라드
167,이재성,https://www.melon.com/song/detail.htm?songId=976282,촛불잔치,1987,댄스
168,김승진,https://www.melon.com/song/detail.htm?songId=2518996,난 네가 좋아,1987,발라드
169,민해경,https://www.melon.com/song/detail.htm?songId=1878293,성숙,1987,발라드
170,임병수,https://www.melon.com/song/detail.htm?songId=5831388,아디오스 내 사랑,1987,"발라드, 성인가요"
171,이선희,https://www.melon.com/song/detail.htm?songId=48233,어둠은 걷히고,1987,발라드
172,최진희,https://www.melon.com/song/detail.htm?songId=2271452,가버린 당신,1987,성인가요
173,임희숙,https://www.melon.com/song/detail.htm?songId=1569468,,1987,성인가요
174,손현희,https://www.melon.com/song/detail.htm?songId=108891,오늘은 어떤 일이,1987,발라드
175,주현미,https://www.melon.com/song/detail.htm?songId=1002459,내가 왜 웁니까,1987,성인가요
176,이수만,https://www.melon.com/song/detail.htm?songId=58212,사랑하고 만거야,1987,발라드
177,민해경,https://www.melon.com/song/detail.htm?songId=3708776,내 인생을 찾아서,1987,발라드
178,이재민,https://www.melon.com/song/detail.htm?songId=1750054,골목길,1987,발라드
179,백영규,https://www.melon.com/song/detail.htm?songId=1005221,그때 뒷모습,1987,발라드
180,강인원,https://www.melon.com/song/detail.htm?songId=996598,영어 선생님,1987,발라드
181,전인권,https://www.melon.com/song/detail.htm?songId=1839209,사랑한후에 (응답하라 1988 삽입곡),1987,록/메탈
182,양희은,https://www.melon.com/song/detail.htm?songId=2329509,일곱송이 수선화,1987,포크/블루스
183,최민호,https://www.melon.com/song/detail.htm?songId=2913975,착각,1987,포크/블루스
184,전인권,https://www.melon.com/song/detail.htm?songId=91638,"시작곡, 북소리",1987,록/메탈
185,정수라,https://www.melon.com/song/detail.htm?songId=175164,난 너에게,1987,발라드
186,임병수,https://www.melon.com/song/detail.htm?songId=5831386,어떻게 얘기할까요,1987,"발라드, 성인가요"
187,듀엣사랑,https://www.melon.com/song/detail.htm?songId=2917363,서로 사랑해,1987,성인가요
188,조용필,https://www.melon.com/song/detail.htm?songId=81124,바람이 전하는 말,1987,성인가요
189,김범룡,https://www.melon.com/song/detail.htm?songId=1028306,슬픔만 주고,1987,댄스
190,조용필,https://www.melon.com/song/detail.htm?songId=91339,그대 발길 머무는 곳에,1987,발라드
191,김상배,https://www.melon.com/song/detail.htm?songId=2556598,나이팅게일,1987,성인가요
192,이승미,https://www.melon.com/song/detail.htm?songId=986730,굿바이 내사랑,1987,발라드
193,도시아이들,https://www.melon.com/song/detail.htm?songId=2506705,달빛 창가에서,1987,댄스
194,이선희,https://www.melon.com/song/detail.htm?songId=91025,"그래요, 잘못은 내게 있어요",1987,발라드
195,최성수,https://www.melon.com/song/detail.htm?songId=80259,동행,1987,성인가요
196,박혜성,https://www.melon.com/song/detail.htm?songId=2509669,도시의 삐에로,1987,성인가요
197,시나위,https://www.melon.com/song/detail.htm?songId=61449,해 저문 길에서,1987,록/메탈
198,규리,https://www.melon.com/song/detail.htm?songId=1643469,이별을 띄울래요,1987,댄스
199,이은하,https://www.melon.com/song/detail.htm?songId=65380,미소를 띄우며 나를 보낸 그 모습처럼,1987,댄스
200,김현식,https://www.melon.com/song/detail.htm?songId=1314717,비처럼 음악처럼,1988,발라드
201,사랑과 평화,https://www.melon.com/song/detail.htm?songId=49012,울고 싶어라,1988,록/메탈
202,김학래,https://www.melon.com/song/detail.htm?songId=2928148,사랑하면 안되나,1988,발라드
203,양수경,https://www.melon.com/song/detail.htm?songId=52505,바라볼 수 없는 그대,1988,발라드
204,김광석,https://www.melon.com/song/detail.htm?songId=421758,거리에서,1988,포크/블루스
205,임지훈,https://www.melon.com/song/detail.htm?songId=607397,내 그리운 나라,1988,포크/블루스
206,전인권,https://www.melon.com/song/detail.htm?songId=1839208,"돌고, 돌고, 돌고",1988,록/메탈
207,조하문,https://www.melon.com/song/detail.htm?songId=59173,이밤을 다시 한 번,1988,발라드
208,전영록,https://www.melon.com/song/detail.htm?songId=48158,저녁놀,1988,발라드
209,유재하,https://www.melon.com/song/detail.htm?songId=1110893,지난날,1988,발라드
210,최성수,https://www.melon.com/song/detail.htm?songId=80259,동행,1988,성인가요
211,이지연,https://www.melon.com/song/detail.htm?songId=1551799,그 이유가 내겐 아픔이었네,1988,발라드
212,김종찬,https://www.melon.com/song/detail.htm?songId=1136794,사랑이 저만치 가네,1988,발라드
213,임지훈,https://www.melon.com/song/detail.htm?songId=619405,사랑의 썰물,1988,포크/블루스
214,주현미,https://www.melon.com/song/detail.htm?songId=48221,신사동 그사람,1988,성인가요
215,김창완,https://www.melon.com/song/detail.htm?songId=188664,꼬마야,1988,"포크/블루스, 국내드라마"
216,정수라,https://www.melon.com/song/detail.htm?songId=986980,환희,1988,성인가요
217,이선희,https://www.melon.com/song/detail.htm?songId=1418635,나 항,1988,발라드
218,김종찬,https://www.melon.com/song/detail.htm?songId=1136800,토요일은 밤이 좋아,1988,댄스
219,김동환,https://www.melon.com/song/detail.htm?songId=609517,묻어버린 아픔,1988,록/메탈
220,산울림,https://www.melon.com/song/detail.htm?songId=48291,안녕,1988,록/메탈
221,신형원,https://www.melon.com/song/detail.htm?songId=27199,예기치 않은 바람,1988,포크/블루스
222,박혜성,https://www.melon.com/song/detail.htm?songId=2509669,도시의 삐에로,1988,성인가요
223,김연숙,https://www.melon.com/song/detail.htm?songId=52534,초연,1988,성인가요
224,민해경,https://www.melon.com/song/detail.htm?songId=1878159,그대는 인형처럼 웃고 있지만,1988,댄스
225,박춘삼,https://www.melon.com/song/detail.htm?songId=195033,잊으라는,1988,발라드
226,이선희,https://www.melon.com/song/detail.htm?songId=1418630,사랑이 지는 이자리,1988,발라드
227,신윤식,https://www.melon.com/song/detail.htm?songId=2923652,슬픈 토요일,1988,록/메탈
228,이광조,https://www.melon.com/song/detail.htm?songId=52563,그대 만을,1988,발라드
229,최성수,https://www.melon.com/song/detail.htm?songId=80261,해후,1988,성인가요
230,도시아이들,https://www.melon.com/song/detail.htm?songId=2506710,소설속의 연인,1988,발라드
231,임형순,https://www.melon.com/song/detail.htm?songId=4480248,이별을 느낄때,1988,발라드
232,김범룡,https://www.melon.com/song/detail.htm?songId=823909,마지막 입맞춤,1988,발라드
233,도시아이들,https://www.melon.com/song/detail.htm?songId=2506705,달빛 창가에서,1988,댄스
234,조용필,https://www.melon.com/song/detail.htm?songId=91339,그대 발길 머무는 곳에,1988,발라드
235,조용필,https://www.melon.com/song/detail.htm?songId=57632,서울 서울 서울,1988,발라드
236,송시현,https://www.melon.com/song/detail.htm?songId=8106715,꿈결같은 세,1988,발라드
237,이상은 (=Lee-tzsche),https://www.melon.com/song/detail.htm?songId=189686,담다디,1988,댄스
238,시인과 촌장,https://www.melon.com/song/detail.htm?songId=987282,가시나무,1988,발라드
239,최호섭,https://www.melon.com/song/detail.htm?songId=3560411,세월이 가면,1988,발라드
240,유열,https://www.melon.com/song/detail.htm?songId=2346661,가을비,1988,발라드
241,석미경,https://www.melon.com/song/detail.htm?songId=60921,물안개,1988,발라드
242,작품 하나,https://www.melon.com/song/detail.htm?songId=666395,난 아직도 널 (대,1988,발라드
243,동물원,https://www.melon.com/song/detail.htm?songId=5758539,변해가네,1988,포크/블루스
244,조하문,https://www.melon.com/song/detail.htm?songId=59177,사랑하는 우리,1988,발라드
245,여운,https://www.melon.com/song/detail.htm?songId=1269349,홀로된 사랑,1988,포크/블루스
246,양홍섭,https://www.melon.com/song/detail.htm?songId=986632,슬퍼지는 내 모습,1988,발라드
247,이문세,https://www.melon.com/song/detail.htm?songId=48570,굿바이,1988,발라드
248,강애리자,https://www.melon.com/song/detail.htm?songId=2928378,분홍립스틱,1988,발라드
249,김범룡,https://www.melon.com/song/detail.htm?songId=1028062,현아,1988,발라드
250,소방차,https://www.melon.com/song/detail.htm?songId=1017068,그녀에게 전해주오,1988,댄스
251,전인권,https://www.melon.com/song/detail.htm?songId=1839209,사랑한후에 (응답하라 1988 삽입곡),1988,록/메탈
252,도시의 그림자,https://www.melon.com/song/detail.htm?songId=1016882,타인의 거리,1988,포크/블루스
253,유열,https://www.melon.com/song/detail.htm?songId=2346662,잊을거야,1988,발라드
254,유열,https://www.melon.com/song/detail.htm?songId=2346659,이별이래,1988,발라드
255,정태춘,https://www.melon.com/song/detail.htm?songId=2927253,우리가 추억이라 말하는,1988,포크/블루스
256,유연실,https://www.melon.com/song/detail.htm?songId=2928553,눈물의 멜로디,1988,성인가요
257,변진섭,https://www.melon.com/song/detail.htm?songId=47403,홀로 된다는 것,1988,발라드
258,박남정,https://www.melon.com/song/detail.htm?songId=3611219,아! 바람이여,1988,댄스
259,신촌 블루스,https://www.melon.com/song/detail.htm?songId=66249,그대 없는 거리,1988,포크/블루스
260,이정석,https://www.melon.com/song/detail.htm?songId=1010296,사랑하기에,1988,발라드
261,김승진,https://www.melon.com/song/detail.htm?songId=2607180,쥴리엣,1988,성인가요
262,조덕배,https://www.melon.com/song/detail.htm?songId=1108037,안개꽃을 든 여인,1988,발라드
263,최성수,https://www.melon.com/song/detail.htm?songId=4655721,축제와 나그네,1988,발라드
264,석지훈,https://www.melon.com/song/detail.htm?songId=1714468,당신은 나의 운명,1988,성인가요
265,해바라기,https://www.melon.com/song/detail.htm?songId=2036554,슬픔만은 아니겠죠,1988,포크/블루스
266,민해경,https://www.melon.com/song/detail.htm?songId=1878294,그대 모습은 장미,1988,발라드
267,이정석,https://www.melon.com/song/detail.htm?songId=1080147,밤이 오면,1988,발라드
268,이주엽,https://www.melon.com/song/detail.htm?songId=986389,너를 생각하면,1988,발라드
269,이치현과 벗님들,https://www.melon.com/song/detail.htm?songId=2607155,집시여인,1988,성인가요
270,이문세,https://www.melon.com/song/detail.htm?songId=47128,시를 위한 시(詩),1988,발라드
271,정수라,https://www.melon.com/song/detail.htm?songId=2921392,춤추는 한강,1988,"발라드, 성인가요"
272,신촌 블루스,https://www.melon.com/song/detail.htm?songId=66253,아쉬움,1988,포크/블루스
273,전영록,https://www.melon.com/song/detail.htm?songId=72780,추억,1988,발라드
274,다섯손가락,https://www.melon.com/song/detail.htm?songId=1573427,이층에서 본 거리,1988,발라드
275,장혜리,https://www.melon.com/song/detail.htm?songId=2335685,추억의 발라드,1988,발라드
276,김종찬,https://www.melon.com/song/detail.htm?songId=1136803,당신도 울고 있네요,1988,발라드
277,이건주,https://www.melon.com/song/detail.htm?songId=1001666,우리 엄마,1988,국내영화
278,백영규,https://www.melon.com/song/detail.htm?songId=1005221,그때 뒷모습,1988,발라드
279,조태선,https://www.melon.com/song/detail.htm?songId=30387693,이별느낌,1988,발라드
280,한영애,https://www.melon.com/song/detail.htm?songId=48180,누구없소?,1988,"록/메탈, 포크/블루스"
281,소방차,https://www.melon.com/song/detail.htm?songId=1017063,어젯밤 이야기,1988,댄스
282,길은정,https://www.melon.com/song/detail.htm?songId=430551,사랑굿,1988,-
283,부활,https://www.melon.com/song/detail.htm?songId=528688,회,1988,록/메탈
284,백미현,https://www.melon.com/song/detail.htm?songId=1269163,난 바람 넌 눈물,1988,포크/블루스
285,수와 진,https://www.melon.com/song/detail.htm?songId=47078,새벽 아침,1988,성인가요
286,박혜성,https://www.melon.com/song/detail.htm?songId=2509664,언젠가 때가오면,1988,성인가요
287,김영,https://www.melon.com/song/detail.htm?songId=5631475,사랑 먼저 할래요,1988,댄스
288,소방차,https://www.melon.com/song/detail.htm?songId=1003294,통화중,1988,댄스
289,전원석,https://www.melon.com/song/detail.htm?songId=2206648,가는곳 어디이길래,1988,성인가요
290,사랑과 평화,https://www.melon.com/song/detail.htm?songId=49018,불의 나라,1988,록/메탈
291,심수봉,https://www.melon.com/song/detail.htm?songId=2254122,사랑 밖엔 난 몰라 (Original Ver.),1988,성인가요
292,조용필,https://www.melon.com/song/detail.htm?songId=57634,모나리자,1988,발라드
293,서울패밀리,https://www.melon.com/song/detail.htm?songId=905013,이제는,1988,발라드
294,신계행,https://www.melon.com/song/detail.htm?songId=1505609,가을사랑,1988,발라드
295,최성원,https://www.melon.com/song/detail.htm?songId=1100028,이별이란 없는거야 (응답하라 1988 삽입곡),1988,발라드
296,장혜리,https://www.melon.com/song/detail.htm?songId=2335684,내게 남은 사랑을 드릴께요,1988,발라드
297,유재하,https://www.melon.com/song/detail.htm?songId=1110886,사랑하기 때문에,1988,발라드
298,김현식,https://www.melon.com/song/detail.htm?songId=47068,언제나 그대 내곁에 (응답하라 1988 삽입곡),1988,발라드
299,이상우,https://www.melon.com/song/detail.htm?songId=189692,슬픈 그림같은 사랑,1988,발라드
300,이승철,https://www.melon.com/song/detail.htm?songId=58151,마지막 나의 모습,1989,발라드
301,황치훈,https://www.melon.com/song/detail.htm?songId=1768642,추억속의 그대,1989,발라드
302,이선희,https://www.melon.com/song/detail.htm?songId=52941,나의 거리,1989,발라드
303,이승철,https://www.melon.com/song/detail.htm?songId=58150,안녕이라고 말하지마,1989,발라드
304,박학기,https://www.melon.com/song/detail.htm?songId=53017,이미 그댄,1989,발라드
305,이상우,https://www.melon.com/song/detail.htm?songId=52157,바람에 옷깃이 날리듯,1989,발라드
306,조하문,https://www.melon.com/song/detail.htm?songId=59181,내 아픔 아시는 당신께,1989,발라드
307,변진섭,https://www.melon.com/song/detail.htm?songId=47405,너무 늦었잖아요,1989,발라드
308,변진섭,https://www.melon.com/song/detail.htm?songId=47404,네게 줄수 있는건 오직 사랑뿐,1989,발라드
309,주현미,https://www.melon.com/song/detail.htm?songId=69759,짝사랑,1989,성인가요
310,이문세,https://www.melon.com/song/detail.htm?songId=47133,가로수 그늘아래 서면,1989,발라드
311,양수경,https://www.melon.com/song/detail.htm?songId=52509,그대는,1989,발라드
312,김범룡,https://www.melon.com/song/detail.htm?songId=1053296,안개 그림자,1989,발라드
313,무한궤도,https://www.melon.com/song/detail.htm?songId=61490,우리 앞의 생이 끝나갈 때,1989,록/메탈
314,푸른하늘,https://www.melon.com/song/detail.htm?songId=1839744,눈물나는 날에는,1989,발라드
315,임지훈,https://www.melon.com/song/detail.htm?songId=1646752,누나야,1989,포크/블루스
316,박남정,https://www.melon.com/song/detail.htm?songId=47313,널 그리며,1989,댄스
317,김광석,https://www.melon.com/song/detail.htm?songId=1374303,흐린 가을 하늘에 편지를 써,1989,포크/블루스
318,오석준,https://www.melon.com/song/detail.htm?songId=53548,우리들이 함께 있는 밤,1989,발라드
319,전영록,https://www.melon.com/song/detail.htm?songId=52660,바람에 실려간 사랑 A,1989,록/메탈
320,김수철,https://www.melon.com/song/detail.htm?songId=53546,변심,1989,록/메탈
321,변진섭,https://www.melon.com/song/detail.htm?songId=47403,홀로 된다는 것,1989,발라드
322,한영애,https://www.melon.com/song/detail.htm?songId=48187,루씰,1989,"록/메탈, 포크/블루스"
323,최성원,https://www.melon.com/song/detail.htm?songId=1100028,이별이란 없는거야 (응답하라 1988 삽입곡),1989,발라드
324,봄여름가을겨울,https://www.melon.com/song/detail.htm?songId=1104888,사람들은 모두 변하나 봐 (가을),1989,록/메탈
325,양수경,https://www.melon.com/song/detail.htm?songId=52515,사랑은 창밖에 빗물같아요,1989,발라드
326,이지연,https://www.melon.com/song/detail.htm?songId=1551813,바람아 멈추어다오,1989,발라드
327,조용필,https://www.melon.com/song/detail.htm?songId=57126,Q,1989,발라드
328,최성수,https://www.melon.com/song/detail.htm?songId=80266,후인,1989,성인가요
329,박춘삼,https://www.melon.com/song/detail.htm?songId=52704,회색탁자,1989,"발라드, 포크/블루스"
330,이상은 (=Lee-tzsche),https://www.melon.com/song/detail.htm?songId=60992,Happy Birthday,1989,발라드
331,김종찬,https://www.melon.com/song/detail.htm?songId=996692,아름다워라 그대,1989,발라드
332,이상원,https://www.melon.com/song/detail.htm?songId=2958680,탄생,1989,댄스
333,이정현,https://www.melon.com/song/detail.htm?songId=52645,그 누구보다 더,1989,댄스
334,신촌 블루스,https://www.melon.com/song/detail.htm?songId=986892,"바람인가, 빗속에서",1989,록/메탈
335,김현식,https://www.melon.com/song/detail.htm?songId=47068,언제나 그대 내곁에 (응답하라 1988 삽입곡),1989,발라드
336,푸른하늘,https://www.melon.com/song/detail.htm?songId=66655,겨울 바다,1989,발라드
337,오석준,https://www.melon.com/song/detail.htm?songId=53549,돌아오는 계절에는,1989,발라드
338,조덕배,https://www.melon.com/song/detail.htm?songId=1108580,그대 내 맘에 들어오면은,1989,발라드
339,이지연,https://www.melon.com/song/detail.htm?songId=1551808,슬픈 안녕,1989,발라드
340,신촌 블루스,https://www.melon.com/song/detail.htm?songId=986896,골목길 (응답하라 1988 삽입곡),1989,록/메탈
341,변진섭,https://www.melon.com/song/detail.htm?songId=52441,너에게로 또 다시,1989,발라드
342,이상우,https://www.melon.com/song/detail.htm?songId=189692,슬픈 그림같은 사랑,1989,발라드
343,소방차,https://www.melon.com/song/detail.htm?songId=1017165,사랑하고 싶어,1989,댄스
344,박광현,https://www.melon.com/song/detail.htm?songId=52092,한 송이 저 들국화처럼,1989,발라드
345,양하영,https://www.melon.com/song/detail.htm?songId=47203,촛불켜는 밤,1989,포크/블루스
346,어떤날,https://www.melon.com/song/detail.htm?songId=188681,출발,1989,포크/블루스
347,김창완,https://www.melon.com/song/detail.htm?songId=2958841,마지막 인사,1989,국내영화
348,김완선,https://www.melon.com/song/detail.htm?songId=1053842,기분 좋은 날,1989,댄스
349,이수만,https://www.melon.com/song/detail.htm?songId=1079881,그대는 별이었나요,1989,발라드
350,이정석,https://www.melon.com/song/detail.htm?songId=1080144,사랑의 대화,1989,발라드
351,푸른하늘,https://www.melon.com/song/detail.htm?songId=1839745,슬픈안녕,1989,발라드
352,민해경,https://www.melon.com/song/detail.htm?songId=1878291,약속은 바람처럼,1989,발라드
353,장혜리,https://www.melon.com/song/detail.htm?songId=2335684,내게 남은 사랑을 드릴께요,1989,발라드
354,변진섭,https://www.melon.com/song/detail.htm?songId=47408,새들처럼,1989,발라드
355,이정석,https://www.melon.com/song/detail.htm?songId=1027891,여름날의 추억,1989,발라드
356,김용학,https://www.melon.com/song/detail.htm?songId=2960764,"나, 너 그리고 우리",1989,록/메탈
357,신형원,https://www.melon.com/song/detail.htm?songId=53460,떠도는 별,1989,포크/블루스
358,김흥국,https://www.melon.com/song/detail.htm?songId=1076768,호랑나비,1989,성인가요
359,조갑경,https://www.melon.com/song/detail.htm?songId=52998,바보같은 미소,1989,발라드
360,소방차,https://www.melon.com/song/detail.htm?songId=1003297,하얀 바람,1989,댄스
361,박정운,https://www.melon.com/song/detail.htm?songId=53528,내일이 찾아오면,1989,발라드
362,김광석,https://www.melon.com/song/detail.htm?songId=1374302,기다려줘,1989,포크/블루스
363,박남정,https://www.melon.com/song/detail.htm?songId=47315,사랑의 불시착,1989,댄스
364,유현주,https://www.melon.com/song/detail.htm?songId=1008733,여정,1989,성인가요
365,전인권,https://www.melon.com/song/detail.htm?songId=460430,언제나 영화처럼,1989,록/메탈
366,박남정,https://www.melon.com/song/detail.htm?songId=50791,멀리 보이네,1989,댄스
367,이준,https://www.melon.com/song/detail.htm?songId=106877,마지막 이별속에서,1989,성인가요
368,이치현과 벗님들,https://www.melon.com/song/detail.htm?songId=2607155,집시여인,1989,성인가요
369,전영록,https://www.melon.com/song/detail.htm?songId=48168,아직도 못다한 이야기,1989,댄스
370,최준호,https://www.melon.com/song/detail.htm?songId=2958685,강변에서,1989,포크/블루스
371,이규석,https://www.melon.com/song/detail.htm?songId=53007,기차와 소나무,1989,발라드
372,이승철,https://www.melon.com/song/detail.htm?songId=58160,마지막 콘서트,1989,발라드
373,최성수,https://www.melon.com/song/detail.htm?songId=80268,그대에게 무슨 말을 할까,1989,성인가요
374,이지연,https://www.melon.com/song/detail.htm?songId=1551809,졸업,1989,발라드
375,현철,https://www.melon.com/song/detail.htm?songId=62813,봉선화 연정,1989,성인가요
376,이승철,https://www.melon.com/song/detail.htm?songId=58154,사랑하고 싶어,1989,발라드
377,백미현,https://www.melon.com/song/detail.htm?songId=1269163,난 바람 넌 눈물,1989,포크/블루스
378,최성수,https://www.melon.com/song/detail.htm?songId=80264,기쁜우리 사랑은,1989,성인가요
379,봄여름가을겨울,https://www.melon.com/song/detail.htm?songId=1104907,어떤이의 꿈,1989,록/메탈
380,조정현,https://www.melon.com/song/detail.htm?songId=1017150,그 아픔까지 사랑한거야,1989,발라드
381,최성원,https://www.melon.com/song/detail.htm?songId=620681,제주도의 푸른밤,1989,발라드
382,도시아이들,https://www.melon.com/song/detail.htm?songId=2506821,텔레파시,1989,성인가요
383,노래를 찾는 사람들,https://www.melon.com/song/detail.htm?songId=53060,솔아 솔아 푸르른 솔아,1989,포크/블루스
384,박혜성,https://www.melon.com/song/detail.htm?songId=2509657,추억,1989,성인가요
385,김현철,https://www.melon.com/song/detail.htm?songId=51275,동네 (`응답하라 1988` 삽입곡),1989,발라드
386,김현식,https://www.melon.com/song/detail.htm?songId=987557,사랑했어요,1989,발라드
387,유열,https://www.melon.com/song/detail.htm?songId=1079488,화려한 날은 가고,1989,발라드
388,이선희,https://www.melon.com/song/detail.htm?songId=52942,한바탕 웃음으로,1989,발라드
389,동물원,https://www.melon.com/song/detail.htm?songId=3655377,혜화동,1989,포크/블루스
390,신계행,https://www.melon.com/song/detail.htm?songId=1505603,안개 걷히는 날,1989,발라드
391,한영애,https://www.melon.com/song/detail.htm?songId=48185,코뿔소,1989,"록/메탈, 포크/블루스"
392,이문세,https://www.melon.com/song/detail.htm?songId=47128,시를 위한 시(詩),1989,발라드
393,최성수,https://www.melon.com/song/detail.htm?songId=1859404,잊지 말아요,1989,성인가요
394,트리오 여운,https://www.melon.com/song/detail.htm?songId=2932170,사랑이 떠나버리고,1989,발라드
395,이브,https://www.melon.com/song/detail.htm?songId=1079798,히말라야,1989,록/메탈
396,한돌,https://www.melon.com/song/detail.htm?songId=1540367,쓸쓸한 사람,1989,포크/블루스
397,임지훈,https://www.melon.com/song/detail.htm?songId=1646756,친구에게,1989,포크/블루스
398,김상배,https://www.melon.com/song/detail.htm?songId=1009014,안돼요 안돼,1989,성인가요
399,이윤수,https://www.melon.com/song/detail.htm?songId=2958948,그대 곁으로,1989,발라드
400,변진섭,https://www.melon.com/song/detail.htm?songId=52451,희망사항,1990,발라드
401,김민우,https://www.melon.com/song/detail.htm?songId=53615,사랑일뿐야,1990,발라드
402,햇빛촌,https://www.melon.com/song/detail.htm?songId=53088,유리창엔 비,1990,발라드
403,김현식,https://www.melon.com/song/detail.htm?songId=104134,비오는 날 수채화,1990,"록/메탈, 국내영화"
404,이승철,https://www.melon.com/song/detail.htm?songId=58160,마지막 콘서트,1990,발라드
405,조정현,https://www.melon.com/song/detail.htm?songId=1017150,그 아픔까지 사랑한거야,1990,발라드
406,봄여름가을겨울,https://www.melon.com/song/detail.htm?songId=1104907,어떤이의 꿈,1990,록/메탈
407,신해철,https://www.melon.com/song/detail.htm?songId=53586,슬픈 표정 하지 말아요,1990,록/메탈
408,민해경,https://www.melon.com/song/detail.htm?songId=1878281,보고싶은 얼굴,1990,발라드
409,노래를 찾는 사람들,https://www.melon.com/song/detail.htm?songId=53062,사계,1990,포크/블루스
410,김민우,https://www.melon.com/song/detail.htm?songId=53616,입영열차안에서,1990,발라드
411,박학기,https://www.melon.com/song/detail.htm?songId=53018,향기로운 추억 (응답하라 1988 삽입곡),1990,발라드
412,이승환,https://www.melon.com/song/detail.htm?songId=531483,텅 빈 마음,1990,발라드
413,김지연,https://www.melon.com/song/detail.htm?songId=664262,찬바람이 불면,1990,발라드
414,김현식,https://www.melon.com/song/detail.htm?songId=53159,넋두리,1990,발라드
415,최성수,https://www.melon.com/song/detail.htm?songId=525202,잊지 말아요,1990,발라드
416,이상은 (=Lee-tzsche),https://www.melon.com/song/detail.htm?songId=91135,사랑할꺼야,1990,발라드
417,임백천,https://www.melon.com/song/detail.htm?songId=67911,마음에 쓰는 편지,1990,발라드
418,푸른하늘,https://www.melon.com/song/detail.htm?songId=1839744,눈물나는 날에는,1990,발라드
419,동물원,https://www.melon.com/song/detail.htm?songId=3655234,시청앞 지하철 역에서,1990,포크/블루스
420,김지애,https://www.melon.com/song/detail.htm?songId=52841,얄미운 사람,1990,성인가요
421,이상우,https://www.melon.com/song/detail.htm?songId=52156,채워지지 않는 빈자리,1990,발라드
422,박선주 (Pak Sun Zoo),https://www.melon.com/song/detail.htm?songId=842539,소중한 너 (Duet With 조규찬),1990,발라드
423,조용필,https://www.melon.com/song/detail.htm?songId=68931,추억속의 재회,1990,발라드
424,푸른하늘,https://www.melon.com/song/detail.htm?songId=1839752,이 밤이 지나도록,1990,발라드
425,변진섭,https://www.melon.com/song/detail.htm?songId=52441,너에게로 또 다시,1990,발라드
426,조정현,https://www.melon.com/song/detail.htm?songId=1017153,슬픈 바다,1990,발라드
427,노래를 찾는 사람들,https://www.melon.com/song/detail.htm?songId=53060,솔아 솔아 푸르른 솔아,1990,포크/블루스
428,오석준,https://www.melon.com/song/detail.htm?songId=53426,내일일기,1990,발라드
429,이정현,https://www.melon.com/song/detail.htm?songId=53535,한 여름의 크리스마스,1990,발라드
430,민해경,https://www.melon.com/song/detail.htm?songId=3708777,존대말을 써야할지 반말로 얘기해야 할지,1990,발라드
431,박정운,https://www.melon.com/song/detail.htm?songId=53530,난 그대만을 사랑했나봐,1990,발라드
432,김완선,https://www.melon.com/song/detail.htm?songId=3403849,나만의 것,1990,발라드
433,장덕 추모앨범,https://www.melon.com/song/detail.htm?songId=1080545,예정된 시간을 위하여,1990,발라드
434,나미,https://www.melon.com/song/detail.htm?songId=1874936,인디안 인형처럼,1990,성인가요
435,장필순,https://www.melon.com/song/detail.htm?songId=520770,어느새,1990,록/메탈
436,양수경,https://www.melon.com/song/detail.htm?songId=65728,당신은 어디 있나요,1990,발라드
437,변진섭,https://www.melon.com/song/detail.htm?songId=52443,로라,1990,발라드
438,해바라기,https://www.melon.com/song/detail.htm?songId=2036548,사랑으로,1990,포크/블루스
439,이상우,https://www.melon.com/song/detail.htm?songId=51430,나만의 그대,1990,발라드
440,박정운,https://www.melon.com/song/detail.htm?songId=53528,내일이 찾아오면,1990,발라드
441,이선희,https://www.melon.com/song/detail.htm?songId=52945,겨울 애,1990,발라드
442,최성원,https://www.melon.com/song/detail.htm?songId=1839723,솔직할 수 있도록,1990,발라드
443,김수철,https://www.melon.com/song/detail.htm?songId=1517745,언제나 타인,1990,록/메탈
444,김현철,https://www.melon.com/song/detail.htm?songId=51275,동네 (`응답하라 1988` 삽입곡),1990,발라드
445,주병선,https://www.melon.com/song/detail.htm?songId=1081140,칠갑산,1990,성인가요
446,최용준,https://www.melon.com/song/detail.htm?songId=51590,거울이 되어,1990,"발라드, 록/메탈"
447,장호철,https://www.melon.com/song/detail.htm?songId=3442905,그때 그날로,1990,발라드
448,겨레의 노래,https://www.melon.com/song/detail.htm?songId=180882,아침,1990,포크/블루스
449,박학기,https://www.melon.com/song/detail.htm?songId=2183426,자꾸 서성이게 돼,1990,발라드
450,이지연,https://www.melon.com/song/detail.htm?songId=2522463,늦지 않았어요,1990,발라드
451,강수지,https://www.melon.com/song/detail.htm?songId=48931,나를 사랑하겠어요,1990,발라드
452,신촌 블루스,https://www.melon.com/song/detail.htm?songId=1839142,나그네의 옛 이야기 (엄인호),1990,포크/블루스
453,조규찬,https://www.melon.com/song/detail.htm?songId=2508790,무지개,1990,발라드
454,박남정,https://www.melon.com/song/detail.htm?songId=50798,안녕 내사랑,1990,댄스
455,이상우,https://www.melon.com/song/detail.htm?songId=51431,그녀를 만나는 곳 100M 전,1990,발라드
456,박성신,https://www.melon.com/song/detail.htm?songId=60956,한번만 더,1990,발라드
457,이치현,https://www.melon.com/song/detail.htm?songId=1080357,외면,1990,발라드
458,11월,https://www.melon.com/song/detail.htm?songId=90374,착각,1990,"발라드, 록/메탈"
459,장혜리,https://www.melon.com/song/detail.htm?songId=1708676,남겨진 시간을 위하여,1990,발라드
460,이성우,https://www.melon.com/song/detail.htm?songId=1721579,미아리,1990,록/메탈
461,권인하,https://www.melon.com/song/detail.htm?songId=55327,계절이 음악처럼 흐를때,1990,발라드
462,태진아,https://www.melon.com/song/detail.htm?songId=5798894,옥경이,1990,성인가요
463,강수지,https://www.melon.com/song/detail.htm?songId=48926,보라빛 향기,1990,댄스
464,빛과 소금,https://www.melon.com/song/detail.htm?songId=51503,샴푸의 요정,1990,록/메탈
465,이선희,https://www.melon.com/song/detail.htm?songId=64942,추억의 책장을 넘기면,1990,발라드
466,양수경,https://www.melon.com/song/detail.htm?songId=52515,사랑은 창밖에 빗물같아요,1990,발라드
467,김광석,https://www.melon.com/song/detail.htm?songId=1374302,기다려줘,1990,포크/블루스
468,유영석,https://www.melon.com/song/detail.htm?songId=52972,어두운 하늘 아래서,1990,발라드
469,신해철,https://www.melon.com/song/detail.htm?songId=53591,안녕,1990,록/메탈
470,이문세,https://www.melon.com/song/detail.htm?songId=1087276,그게 나였어,1990,발라드
471,최진희,https://www.melon.com/song/detail.htm?songId=60121,침묵,1990,성인가요
472,김수철,https://www.melon.com/song/detail.htm?songId=1517751,정신차려,1990,록/메탈
473,조동진,https://www.melon.com/song/detail.htm?songId=54884,음악은 흐르고,1990,포크/블루스
474,신촌 블루스,https://www.melon.com/song/detail.htm?songId=1839831,진고개 신사,1990,포크/블루스
475,안치환,https://www.melon.com/song/detail.htm?songId=2274375,저 창살에 햇살이,1990,포크/블루스
476,김현식,https://www.melon.com/song/detail.htm?songId=987557,사랑했어요,1990,발라드
477,이승철,https://www.melon.com/song/detail.htm?songId=58173,그대가 나에게,1990,발라드
478,이승철,https://www.melon.com/song/detail.htm?songId=58161,소녀시대,1990,록/메탈
479,백영규,https://www.melon.com/song/detail.htm?songId=987763,떠나고 싶어라,1990,포크/블루스
480,이선희,https://www.melon.com/song/detail.htm?songId=2959789,떠나는 자만이 사랑을 꿈꿀 수 있다,1990,-
481,이선희,https://www.melon.com/song/detail.htm?songId=52942,한바탕 웃음으로,1990,발라드
482,최진영,https://www.melon.com/song/detail.htm?songId=2183452,너를 잊겠다는 생각은,1990,발라드
483,빛과 소금,https://www.melon.com/song/detail.htm?songId=51507,그대 떠난뒤,1990,록/메탈
484,변진섭,https://www.melon.com/song/detail.htm?songId=52442,숙녀에게,1990,발라드
485,송대관,https://www.melon.com/song/detail.htm?songId=58022,정때문에,1990,성인가요
486,전유나,https://www.melon.com/song/detail.htm?songId=69663,너를 사랑하고도,1990,발라드
487,전인권,https://www.melon.com/song/detail.htm?songId=460430,언제나 영화처럼,1990,록/메탈
488,현당,https://www.melon.com/song/detail.htm?songId=1092169,다시 한번,1990,성인가요
489,최진희,https://www.melon.com/song/detail.htm?songId=2335672,미련 때문에,1990,성인가요
490,봄여름가을겨울,https://www.melon.com/song/detail.htm?songId=1104910,내 품에 안기어,1990,록/메탈
491,현철,https://www.melon.com/song/detail.htm?songId=62813,봉선화 연정,1990,성인가요
492,소방차,https://www.melon.com/song/detail.htm?songId=1017165,사랑하고 싶어,1990,댄스
493,김상아,https://www.melon.com/song/detail.htm?songId=1052744,엔젤리나,1990,발라드
494,지예,https://www.melon.com/song/detail.htm?songId=2959648,얘기하지 말자,1990,발라드
495,지근식,https://www.melon.com/song/detail.htm?songId=881851,모두가 잊혀질때면,1990,발라드
496,이선희,https://www.melon.com/song/detail.htm?songId=64937,왜 나만,1990,발라드
497,015B,https://www.melon.com/song/detail.htm?songId=83264,텅 빈 거리에서,1990,발라드
498,엄인호,https://www.melon.com/song/detail.htm?songId=51994,첫사랑,1990,록/메탈
499,이승환,https://www.melon.com/song/detail.htm?songId=531488,기다린 날도 지워질 날도,1990,발라드
500,김현식,https://www.melon.com/song/detail.htm?songId=49933,내사랑 내곁에 (응답하라 1988 삽입곡),1991,발라드
501,윤상,https://www.melon.com/song/detail.htm?songId=1695858,이별의 그늘,1991,발라드
502,신승훈,https://www.melon.com/song/detail.htm?songId=51481,미소 속에 비친 그대,1991,발라드
503,김성호,https://www.melon.com/song/detail.htm?songId=50313,김성호의 회,1991,발라드
504,김완선,https://www.melon.com/song/detail.htm?songId=3403850,삐에로는 우릴 보고 웃지,1991,댄스
505,전유나,https://www.melon.com/song/detail.htm?songId=69663,너를 사랑하고도,1991,발라드
506,양수경,https://www.melon.com/song/detail.htm?songId=65720,이별의 끝은 어디인가요,1991,발라드
507,심신,https://www.melon.com/song/detail.htm?songId=91373,그대 슬픔까지 사랑해,1991,발라드
508,이승환,https://www.melon.com/song/detail.htm?songId=51976,너를 향한 마음,1991,발라드
509,신승훈,https://www.melon.com/song/detail.htm?songId=49551,날 울리지마,1991,댄스
510,노사연,https://www.melon.com/song/detail.htm?songId=1017208,만남,1991,성인가요
511,강수지,https://www.melon.com/song/detail.htm?songId=51930,흩어진 나날들,1991,발라드
512,김민우,https://www.melon.com/song/detail.htm?songId=48940,친구에게,1991,발라드
513,변진섭,https://www.melon.com/song/detail.htm?songId=1517332,어떤 이별,1991,발라드
514,푸른하늘,https://www.melon.com/song/detail.htm?songId=1839784,꿈에서 본 거리,1991,발라드
515,봄여름가을겨울,https://www.melon.com/song/detail.htm?songId=1104921,외롭지만 혼자 걸을 수 있어,1991,발라드
516,신해철,https://www.melon.com/song/detail.htm?songId=91462,내 마음 깊은 곳의 너,1991,록/메탈
517,푸른하늘,https://www.melon.com/song/detail.htm?songId=1839752,이 밤이 지나도록,1991,발라드
518,이상우,https://www.melon.com/song/detail.htm?songId=51433,이젠,1991,발라드
519,최성수,https://www.melon.com/song/detail.htm?songId=987812,이제 아침이 왔어요,1991,발라드
520,이상우,https://www.melon.com/song/detail.htm?songId=51431,그녀를 만나는 곳 100M 전,1991,발라드
521,015B,https://www.melon.com/song/detail.htm?songId=83264,텅 빈 거리에서,1991,발라드
522,양수경,https://www.melon.com/song/detail.htm?songId=65728,당신은 어디 있나요,1991,발라드
523,이승환,https://www.melon.com/song/detail.htm?songId=531488,기다린 날도 지워질 날도,1991,발라드
524,김광석,https://www.melon.com/song/detail.htm?songId=3849474,사랑했지만,1991,포크/블루스
525,015B,https://www.melon.com/song/detail.htm?songId=61514,너에게 들려주고 싶은 이야기,1991,발라드
526,송재호,https://www.melon.com/song/detail.htm?songId=49353,늦지않았음을,1991,발라드
527,김현식,https://www.melon.com/song/detail.htm?songId=53159,넋두리,1991,발라드
528,김정수,https://www.melon.com/song/detail.htm?songId=1003590,당신,1991,성인가요
529,이승철,https://www.melon.com/song/detail.htm?songId=58173,그대가 나에게,1991,발라드
530,이범학,https://www.melon.com/song/detail.htm?songId=1878583,이별 아닌 이별,1991,발라드
531,조용필,https://www.melon.com/song/detail.htm?songId=52004,꿈,1991,성인가요
532,동물원,https://www.melon.com/song/detail.htm?songId=3655234,시청앞 지하철 역에서,1991,포크/블루스
533,유열,https://www.melon.com/song/detail.htm?songId=3592472,어느날 문득,1991,발라드
534,이승철,https://www.melon.com/song/detail.htm?songId=49582,소녀시대,1991,댄스
535,박정수,https://www.melon.com/song/detail.htm?songId=1010210,그대품에 잠들었으면,1991,포크/블루스
536,박미경,https://www.melon.com/song/detail.htm?songId=1820033,화요일에 비가 내리면,1991,발라드
537,이선희,https://www.melon.com/song/detail.htm?songId=64942,추억의 책장을 넘기면,1991,발라드
538,원미연,https://www.melon.com/song/detail.htm?songId=51471,이별여행,1991,발라드
539,신해철,https://www.melon.com/song/detail.htm?songId=57615,재즈 카페,1991,록/메탈
540,이선희,https://www.melon.com/song/detail.htm?songId=51685,그대가 나를 사랑하신다면,1991,발라드
541,변진섭,https://www.melon.com/song/detail.htm?songId=1517335,미워서 미워질때,1991,발라드
542,이주엽,https://www.melon.com/song/detail.htm?songId=986381,멀어지는 그 미소,1991,발라드
543,변영태,https://www.melon.com/song/detail.htm?songId=1010489,어떻게든 되겠지,1991,발라드
544,조갑경,https://www.melon.com/song/detail.htm?songId=91049,내사랑 투유,1991,발라드
545,노래를 찾는 사람들,https://www.melon.com/song/detail.htm?songId=1185463,그리운 이름,1991,포크/블루스
546,봄여름가을겨울,https://www.melon.com/song/detail.htm?songId=1104916,항,1991,발라드
547,김지애,https://www.melon.com/song/detail.htm?songId=608199,몰래한 사랑,1991,성인가요
548,한동준,https://www.melon.com/song/detail.htm?songId=504159,그대가 이 세,1991,발라드
549,신해철,https://www.melon.com/song/detail.htm?songId=53591,안녕,1991,록/메탈
550,최용준,https://www.melon.com/song/detail.htm?songId=51590,거울이 되어,1991,"발라드, 록/메탈"
551,심신,https://www.melon.com/song/detail.htm?songId=91374,오직 하나뿐인 그대,1991,발라드
552,유익종,https://www.melon.com/song/detail.htm?songId=51804,차창에 흐르는 이별,1991,포크/블루스
553,이문세,https://www.melon.com/song/detail.htm?songId=1698070,가을이 가도,1991,발라드
554,권인하,https://www.melon.com/song/detail.htm?songId=55327,계절이 음악처럼 흐를때,1991,발라드
555,16년 차이,https://www.melon.com/song/detail.htm?songId=2960022,16년차이,1991,발라드
556,노래마을,https://www.melon.com/song/detail.htm?songId=49636,우리의 노래가 이 그늘진 땅에 햇볕 한 줌 될수 있다면,1991,포크/블루스
557,심명훈,https://www.melon.com/song/detail.htm?songId=1095381,슬픈 우리사랑,1991,발라드
558,송골매,https://www.melon.com/song/detail.htm?songId=33597,모여라,1991,록/메탈
559,하덕규,https://www.melon.com/song/detail.htm?songId=31434066,쉼,1991,포크/블루스
560,손무현,https://www.melon.com/song/detail.htm?songId=49668,제목 없는 시(詩),1991,발라드
561,태진아,https://www.melon.com/song/detail.htm?songId=53416,거울도 안보는 여자,1991,성인가요
562,임백천,https://www.melon.com/song/detail.htm?songId=59431,헤어짐이 이별은 아니듯,1991,발라드
563,주현미,https://www.melon.com/song/detail.htm?songId=53098,잠깐만,1991,성인가요
564,박학기,https://www.melon.com/song/detail.htm?songId=2183426,자꾸 서성이게 돼,1991,발라드
565,임재범,https://www.melon.com/song/detail.htm?songId=49565,이 밤이 지나면,1991,발라드
566,조용필,https://www.melon.com/song/detail.htm?songId=51530,Overture/추억속의 재회/마도요,1991,발라드
567,윤태규,https://www.melon.com/song/detail.htm?songId=1010243,예감으로 느낀 너의 표정(Inst.),1991,발라드
568,민해경,https://www.melon.com/song/detail.htm?songId=1878281,보고싶은 얼굴,1991,발라드
569,신정숙,https://www.melon.com/song/detail.htm?songId=1009195,그 사랑이 울고 있어요,1991,포크/블루스
570,장필순,https://www.melon.com/song/detail.htm?songId=61059,외로운 사랑,1991,발라드
571,봄여름가을겨울,https://www.melon.com/song/detail.htm?songId=1104910,내 품에 안기어,1991,록/메탈
572,정탁,https://www.melon.com/song/detail.htm?songId=2960606,굿바이,1991,성인가요
573,김지환,https://www.melon.com/song/detail.htm?songId=1002879,아쉬운 이별,1991,발라드
574,오석준,https://www.melon.com/song/detail.htm?songId=106717,혼자뿐인 내모습,1991,발라드
575,송시현,https://www.melon.com/song/detail.htm?songId=2960020,날 사랑하지마,1991,포크/블루스
576,전영록,https://www.melon.com/song/detail.htm?songId=3619272,이별은 싫어 (`91년),1991,댄스
577,민해경,https://www.melon.com/song/detail.htm?songId=1878137,미니스커트,1991,발라드
578,김완선,https://www.melon.com/song/detail.htm?songId=3403849,나만의 것,1991,발라드
579,김태형,https://www.melon.com/song/detail.htm?songId=1052085,나 항,1991,발라드
580,민해경,https://www.melon.com/song/detail.htm?songId=1878283,바람이 불어오면,1991,발라드
581,조하문,https://www.melon.com/song/detail.htm?songId=49003,"자, 이제 웃어봐",1991,발라드
582,신촌 블루스,https://www.melon.com/song/detail.htm?songId=987865,첫사랑,1991,록/메탈
583,장필순,https://www.melon.com/song/detail.htm?songId=61060,또 어딘가를 향할때,1991,발라드
584,11월,https://www.melon.com/song/detail.htm?songId=90374,착각,1991,"발라드, 록/메탈"
585,박정운,https://www.melon.com/song/detail.htm?songId=104668,오늘 같은 밤이면,1991,발라드
586,양희은,https://www.melon.com/song/detail.htm?songId=1660728,가을 아침,1991,포크/블루스
587,동물원,https://www.melon.com/song/detail.htm?songId=3655316,아침이면,1991,포크/블루스
588,김민우,https://www.melon.com/song/detail.htm?songId=53619,휴식같은 친구,1991,발라드
589,김상배,https://www.melon.com/song/detail.htm?songId=1008878,몇미터 앞에 두고,1991,성인가요
590,여행스케치,https://www.melon.com/song/detail.htm?songId=51734,이 세,1991,"발라드, 포크/블루스"
591,윤익희,https://www.melon.com/song/detail.htm?songId=91089,사랑 느낌,1991,발라드
592,햇빛촌,https://www.melon.com/song/detail.htm?songId=2960466,시냇물소리,1991,포크/블루스
593,이상훈,https://www.melon.com/song/detail.htm?songId=91398,사랑은 기다림으로,1991,발라드
594,방실이,https://www.melon.com/song/detail.htm?songId=60872,서울탱고,1991,성인가요
595,그림물감,https://www.melon.com/song/detail.htm?songId=1061577,그리워 그리워 그리워 그리워,1991,포크/블루스
596,장혜리,https://www.melon.com/song/detail.htm?songId=1708676,남겨진 시간을 위하여,1991,발라드
597,조동진,https://www.melon.com/song/detail.htm?songId=54884,음악은 흐르고,1991,포크/블루스
598,빛과 소금,https://www.melon.com/song/detail.htm?songId=1608142,내곁에서 떠나가지 말아요,1991,록/메탈
599,홍재선,https://www.melon.com/song/detail.htm?songId=2960665,하나의 진실,1991,발라드
600,봄여름가을겨울,https://www.melon.com/song/detail.htm?songId=49473,10년전의 일기를 꺼내어,1992,록/메탈
601,넥스트,https://www.melon.com/song/detail.htm?songId=49035,도시인,1992,록/메탈
602,015B,https://www.melon.com/song/detail.htm?songId=50733,아주 오래된 연인들,1992,발라드
603,서태지와 아이들,https://www.melon.com/song/detail.htm?songId=50012,난 알아요,1992,댄스
604,김민종,https://www.melon.com/song/detail.htm?songId=463542,또 다른 만남을 위해,1992,발라드
605,신승훈,https://www.melon.com/song/detail.htm?songId=49541,보이지 않는 사랑,1992,발라드
606,김종서,https://www.melon.com/song/detail.htm?songId=64056,대답 없는 너,1992,록/메탈
607,이상우,https://www.melon.com/song/detail.htm?songId=49838,하룻밤의 꿈,1992,발라드
608,박정운,https://www.melon.com/song/detail.htm?songId=104668,오늘 같은 밤이면,1992,발라드
609,이현우,https://www.melon.com/song/detail.htm?songId=1414786,꿈,1992,댄스
610,이윤수,https://www.melon.com/song/detail.htm?songId=78782,먼지가 되어,1992,포크/블루스
611,이덕진,https://www.melon.com/song/detail.htm?songId=45926,내가 아는 한가지,1992,발라드
612,손지창,https://www.melon.com/song/detail.htm?songId=49808,내가 너를 느끼듯이,1992,발라드
613,이오공감,https://www.melon.com/song/detail.htm?songId=1136819,한사람을 위한 마음,1992,발라드
614,김광석,https://www.melon.com/song/detail.htm?songId=2981575,나의 노래,1992,포크/블루스
615,박준하,https://www.melon.com/song/detail.htm?songId=49560,너를 처음만난 그때,1992,발라드
616,양수경,https://www.melon.com/song/detail.htm?songId=91058,사랑은 차가운 유혹,1992,댄스
617,조정현,https://www.melon.com/song/detail.htm?songId=90355,비애,1992,발라드
618,015B,https://www.melon.com/song/detail.htm?songId=1585643,떠나간 후에,1992,발라드
619,윤상,https://www.melon.com/song/detail.htm?songId=1707087,가려진 시간 사이로,1992,발라드
620,015B,https://www.melon.com/song/detail.htm?songId=61514,너에게 들려주고 싶은 이야기,1992,발라드
621,신해철,https://www.melon.com/song/detail.htm?songId=57623,50년 후의 내모습,1992,발라드
622,신해철,https://www.melon.com/song/detail.htm?songId=49494,미소,1992,발라드
623,노영심,https://www.melon.com/song/detail.htm?songId=18187,별걸다 기억하는 남자,1992,발라드
624,한영애,https://www.melon.com/song/detail.htm?songId=49918,말도 안돼,1992,록/메탈
625,신승훈,https://www.melon.com/song/detail.htm?songId=49544,우연히,1992,댄스
626,김규민,https://www.melon.com/song/detail.htm?songId=33940,옛이야기,1992,발라드
627,최경식,https://www.melon.com/song/detail.htm?songId=108197,Main Title : Love Theme 여명의 눈동자,1992,국내드라마
628,유승범,https://www.melon.com/song/detail.htm?songId=174589,질투,1992,"록/메탈, 국내드라마"
629,윤설하,https://www.melon.com/song/detail.htm?songId=77266,벙어리 바이올린,1992,발라드
630,박정수,https://www.melon.com/song/detail.htm?songId=1010210,그대품에 잠들었으면,1992,포크/블루스
631,변진섭,https://www.melon.com/song/detail.htm?songId=1517351,너와 함께 있는 이유,1992,발라드
632,김현철,https://www.melon.com/song/detail.htm?songId=83360,그런대로,1992,발라드
633,김현식,https://www.melon.com/song/detail.htm?songId=49933,내사랑 내곁에 (응답하라 1988 삽입곡),1992,발라드
634,신성우,https://www.melon.com/song/detail.htm?songId=3047051,내일을 향해,1992,록/메탈
635,임재범,https://www.melon.com/song/detail.htm?songId=49565,이 밤이 지나면,1992,발라드
636,김국환,https://www.melon.com/song/detail.htm?songId=91386,타타타,1992,성인가요
637,이승환,https://www.melon.com/song/detail.htm?songId=51976,너를 향한 마음,1992,발라드
638,강수지,https://www.melon.com/song/detail.htm?songId=45956,내마음 알겠니,1992,발라드
639,현진영,https://www.melon.com/song/detail.htm?songId=176479,흐린 기억속의 그대,1992,댄스
640,이승환,https://www.melon.com/song/detail.htm?songId=51977,세,1992,발라드
641,김완선,https://www.melon.com/song/detail.htm?songId=3403869,애수,1992,댄스
642,박준희,https://www.melon.com/song/detail.htm?songId=49186,눈 감아봐도,1992,댄스
643,박학기,https://www.melon.com/song/detail.htm?songId=987122,유난히,1992,발라드
644,심신,https://www.melon.com/song/detail.htm?songId=91385,욕심쟁이,1992,발라드
645,이문세,https://www.melon.com/song/detail.htm?songId=1178435,옛사랑,1992,발라드
646,김지연,https://www.melon.com/song/detail.htm?songId=49448,사랑일기,1992,발라드
647,푸른하늘,https://www.melon.com/song/detail.htm?songId=1839784,꿈에서 본 거리,1992,발라드
648,이범학,https://www.melon.com/song/detail.htm?songId=1878583,이별 아닌 이별,1992,발라드
649,김현식,https://www.melon.com/song/detail.htm?songId=49938,추억 만들기,1992,발라드
650,한서경,https://www.melon.com/song/detail.htm?songId=1185072,낭랑 18세(Mega Mix),1992,성인가요
651,이정현,https://www.melon.com/song/detail.htm?songId=49910,지지 않는 노을,1992,발라드
652,손무현,https://www.melon.com/song/detail.htm?songId=49668,제목 없는 시(詩),1992,발라드
653,서정욱,https://www.melon.com/song/detail.htm?songId=109477,예감,1992,발라드
654,강수지,https://www.melon.com/song/detail.htm?songId=51934,시간 속의 향기,1992,댄스
655,이문세,https://www.melon.com/song/detail.htm?songId=608252,그대 나를 보면,1992,댄스
656,최용준,https://www.melon.com/song/detail.htm?songId=58193,너의 모습,1992,발라드
657,김정수,https://www.melon.com/song/detail.htm?songId=1003590,당신,1992,성인가요
658,서태지와 아이들,https://www.melon.com/song/detail.htm?songId=50014,환,1992,댄스
659,송재호,https://www.melon.com/song/detail.htm?songId=49353,늦지않았음을,1992,발라드
660,김범룡,https://www.melon.com/song/detail.htm?songId=1099839,사랑 그이름 하나로,1992,발라드
661,이준석,https://www.melon.com/song/detail.htm?songId=2961058,너에게 하고픈 말,1992,록/메탈
662,양희은,https://www.melon.com/song/detail.htm?songId=1660728,가을 아침,1992,포크/블루스
663,윤종신,https://www.melon.com/song/detail.htm?songId=57574,처음 만날때처럼,1992,발라드
664,윤종신,https://www.melon.com/song/detail.htm?songId=91406,너의 결혼식,1992,발라드
665,김성호,https://www.melon.com/song/detail.htm?songId=1829224,그사랑 그사랑 어디서 오는 걸까,1992,발라드
666,동물원,https://www.melon.com/song/detail.htm?songId=3655316,아침이면,1992,포크/블루스
667,김완선,https://www.melon.com/song/detail.htm?songId=3403848,가장무도회,1992,댄스
668,황치훈,https://www.melon.com/song/detail.htm?songId=45865,나는 너를,1992,발라드
669,임지훈,https://www.melon.com/song/detail.htm?songId=53794,그대도 나처럼 외로운지,1992,포크/블루스
670,이선희,https://www.melon.com/song/detail.htm?songId=50584,조각배,1992,발라드
671,이상우,https://www.melon.com/song/detail.htm?songId=49841,오! 사라,1992,댄스
672,오석준,https://www.melon.com/song/detail.htm?songId=106717,혼자뿐인 내모습,1992,발라드
673,예민,https://www.melon.com/song/detail.htm?songId=50627,산골 소년의 사랑이야기,1992,포크/블루스
674,신윤미,https://www.melon.com/song/detail.htm?songId=2960885,이젠 됐어,1992,발라드
675,이선희,https://www.melon.com/song/detail.htm?songId=51685,그대가 나를 사랑하신다면,1992,발라드
676,신효범,https://www.melon.com/song/detail.htm?songId=91104,언제나 그 자리에,1992,발라드
677,양수경,https://www.melon.com/song/detail.htm?songId=50513,한번 더 생각해봐요,1992,발라드
678,정미영,https://www.melon.com/song/detail.htm?songId=2951248,그대 작은 품속으로,1992,발라드
679,이문세,https://www.melon.com/song/detail.htm?songId=1698070,가을이 가도,1992,발라드
680,강수지,https://www.melon.com/song/detail.htm?songId=51930,흩어진 나날들,1992,발라드
681,이상은 (=Lee-tzsche),https://www.melon.com/song/detail.htm?songId=60868,더딘 하루,1992,발라드
682,김건모,https://www.melon.com/song/detail.htm?songId=57519,잠 못 드는 밤 비는 내리고,1992,댄스
683,박헌종,https://www.melon.com/song/detail.htm?songId=2960850,꿈꾸는 도시,1992,발라드
684,푸른하늘,https://www.melon.com/song/detail.htm?songId=1839185,자아도취,1992,발라드
685,전유나,https://www.melon.com/song/detail.htm?songId=50137,너를 위한 이별,1992,발라드
686,박정운,https://www.melon.com/song/detail.htm?songId=193014,먼 훗날,1992,발라드
687,푸른하늘,https://www.melon.com/song/detail.htm?songId=1839184,이젠 느낄 수 있어,1992,발라드
688,빛과 소금,https://www.melon.com/song/detail.htm?songId=1608142,내곁에서 떠나가지 말아요,1992,록/메탈
689,김원준,https://www.melon.com/song/detail.htm?songId=91396,모두 잠든 후에,1992,댄스
690,주병선,https://www.melon.com/song/detail.htm?songId=2961059,빈손,1992,성인가요
691,김정수,https://www.melon.com/song/detail.htm?songId=611953,늦은 재회,1992,성인가요
692,김장훈,https://www.melon.com/song/detail.htm?songId=482532,그곳에,1992,록/메탈
693,윤태규,https://www.melon.com/song/detail.htm?songId=1010239,예감으로 느낀 너의 표정,1992,발라드
694,김기하,https://www.melon.com/song/detail.htm?songId=49905,흐르는 눈물에 웃음이,1992,발라드
695,권인하,https://www.melon.com/song/detail.htm?songId=49721,나의 꿈을 찾아서,1992,발라드
696,철이와 미애,https://www.melon.com/song/detail.htm?songId=50943,너는 왜,1992,댄스
697,이주엽,https://www.melon.com/song/detail.htm?songId=610295,기억 어디에서도 만나지는 너,1992,발라드
698,조용필,https://www.melon.com/song/detail.htm?songId=79614,슬픈 베아트리체,1992,성인가요
699,한동준,https://www.melon.com/song/detail.htm?songId=57339,너를 사랑해,1993,발라드
700,이승철,https://www.melon.com/song/detail.htm?songId=91403,방황,1993,발라드
701,신승훈,https://www.melon.com/song/detail.htm?songId=56288,널 사랑하니까,1993,발라드
702,피노키오,https://www.melon.com/song/detail.htm?songId=54182,다시만난 너에게,1993,록/메탈
703,김수희,https://www.melon.com/song/detail.htm?songId=1847750,애모,1993,성인가요
704,김현철,https://www.melon.com/song/detail.htm?songId=111572,그대안의 블루,1993,국내영화
705,노이즈,https://www.melon.com/song/detail.htm?songId=54227,너에게 원한건,1993,댄스
706,김광석,https://www.melon.com/song/detail.htm?songId=2981575,나의 노래,1993,포크/블루스
707,잼,https://www.melon.com/song/detail.htm?songId=54414,난 멈추지 않는다,1993,댄스
708,장현철,https://www.melon.com/song/detail.htm?songId=106047,걸어서 하늘까지,1993,"록/메탈, 국내드라마"
709,신효범,https://www.melon.com/song/detail.htm?songId=91104,언제나 그 자리에,1993,발라드
710,김종서,https://www.melon.com/song/detail.htm?songId=91407,그래도 이제는,1993,록/메탈
711,박정운,https://www.melon.com/song/detail.htm?songId=193014,먼 훗날,1993,발라드
712,푸른하늘,https://www.melon.com/song/detail.htm?songId=1839185,자아도취,1993,발라드
713,윤종신,https://www.melon.com/song/detail.htm?songId=91406,너의 결혼식,1993,발라드
714,서태지와 아이들,https://www.melon.com/song/detail.htm?songId=55543,하여가(何如歌),1993,댄스
715,김민종,https://www.melon.com/song/detail.htm?songId=16936,하늘 아래서,1993,발라드
716,이무송,https://www.melon.com/song/detail.htm?songId=91408,사는게 뭔지,1993,발라드
717,015B,https://www.melon.com/song/detail.htm?songId=56245,신(新) 인류의 사랑,1993,록/메탈
718,이상은 (=Lee-tzsche),https://www.melon.com/song/detail.htm?songId=54376,언젠가는,1993,발라드
719,김건모,https://www.melon.com/song/detail.htm?songId=56880,첫인,1993,댄스
720,나현희,https://www.melon.com/song/detail.htm?songId=108031,사랑하지 않을 거야,1993,발라드
721,서편제 OST,https://www.melon.com/song/detail.htm?songId=1517671,천년학 (대금 타이틀),1993,국내영화
722,이주원,https://www.melon.com/song/detail.htm?songId=54041,아껴둔 사랑을 위해,1993,발라드
723,김원준,https://www.melon.com/song/detail.htm?songId=91396,모두 잠든 후에,1993,댄스
724,015B,https://www.melon.com/song/detail.htm?songId=50733,아주 오래된 연인들,1993,발라드
725,최유나,https://www.melon.com/song/detail.htm?songId=1023586,흔적,1993,성인가요
726,여행스케치,https://www.melon.com/song/detail.htm?songId=54362,옛 친구에게,1993,포크/블루스
727,라종민,https://www.melon.com/song/detail.htm?songId=4463473,Say Yes (Part1),1993,국내영화
728,EOS(이오에스),https://www.melon.com/song/detail.htm?songId=1003900,각자의 길,1993,댄스
729,신인수,https://www.melon.com/song/detail.htm?songId=536778,장미의 미소,1993,"발라드, 국내드라마"
730,김준선,https://www.melon.com/song/detail.htm?songId=3052417,아라비안 나이트 (Remake),1993,댄스
731,강수지,https://www.melon.com/song/detail.htm?songId=91110,그때는 알겠지,1993,발라드
732,김승기,https://www.melon.com/song/detail.htm?songId=54974,햄,1993,발라드
733,철이와 미애,https://www.melon.com/song/detail.htm?songId=50943,너는 왜,1993,댄스
734,변진섭,https://www.melon.com/song/detail.htm?songId=91395,그대 내게 다시,1993,발라드
735,김건모,https://www.melon.com/song/detail.htm?songId=57519,잠 못 드는 밤 비는 내리고,1993,댄스
736,정석원,https://www.melon.com/song/detail.htm?songId=2119075,연인 (Original Ver.),1993,국내드라마
737,듀스,https://www.melon.com/song/detail.htm?songId=55040,나를 돌아봐,1993,랩/힙합
738,이승환,https://www.melon.com/song/detail.htm?songId=532100,프란다스의 개,1993,발라드
739,윤상,https://www.melon.com/song/detail.htm?songId=56251,이별 없던 세,1993,발라드
740,김종서,https://www.melon.com/song/detail.htm?songId=64060,지금은 알 수 없어 (My Love),1993,록/메탈
741,김원준,https://www.melon.com/song/detail.htm?songId=56084,언제나 (Always),1993,댄스
742,신승훈,https://www.melon.com/song/detail.htm?songId=91435,처음 그 느낌처럼,1993,댄스
743,예민,https://www.melon.com/song/detail.htm?songId=50627,산골 소년의 사랑이야기,1993,포크/블루스
744,신승훈,https://www.melon.com/song/detail.htm?songId=57531,오프닝/날 울리지마,1993,댄스
745,이승환,https://www.melon.com/song/detail.htm?songId=532083,내게,1993,발라드
746,더 블루,https://www.melon.com/song/detail.htm?songId=2170751,너만을 느끼며 (Feat. 티파니&수영),1993,발라드
747,장동건,https://www.melon.com/song/detail.htm?songId=3052620,너에게로 가는 길,1993,국내드라마
748,조용필,https://www.melon.com/song/detail.htm?songId=79614,슬픈 베아트리체,1993,성인가요
749,봄여름가을겨울,https://www.melon.com/song/detail.htm?songId=1104895,알 수 없는 질문들,1993,록/메탈
750,김태우,https://www.melon.com/song/detail.htm?songId=2118213,알려지지 않은 아라비안 나이트,1993,댄스
751,서태지와 아이들,https://www.melon.com/song/detail.htm?songId=54766,난 알아요,1993,댄스
752,최경식,https://www.melon.com/song/detail.htm?songId=109824,아들과 딸 Main Title,1993,국내드라마
753,모자이크,https://www.melon.com/song/detail.htm?songId=3396155,너의 사고방식,1993,발라드
754,신신애,https://www.melon.com/song/detail.htm?songId=91112,세,1993,성인가요
755,현진영,https://www.melon.com/song/detail.htm?songId=176479,흐린 기억속의 그대,1993,댄스
756,윤상,https://www.melon.com/song/detail.htm?songId=1707087,가려진 시간 사이로,1993,발라드
757,푸른하늘,https://www.melon.com/song/detail.htm?songId=1839234,오렌지 나라의 앨리스,1993,발라드
758,92` 내일은 늦으리,https://www.melon.com/song/detail.htm?songId=2118735,더 늦기전에 (Themesong),1993,발라드
759,최성수,https://www.melon.com/song/detail.htm?songId=896183,장미의 눈물,1993,발라드
760,이문세,https://www.melon.com/song/detail.htm?songId=55584,종원에게 (눈물 흘리지 말아요),1993,발라드
761,색종이,https://www.melon.com/song/detail.htm?songId=56883,사랑이란 건,1993,발라드
762,박석규,https://www.melon.com/song/detail.htm?songId=2961060,처음느낀 사랑이야,1993,발라드
763,정연준,https://www.melon.com/song/detail.htm?songId=170153,Pilot,1993,-
764,동물원,https://www.melon.com/song/detail.htm?songId=3655281,우리가 세,1993,포크/블루스
765,양수경,https://www.melon.com/song/detail.htm?songId=50511,알수 없는 이별,1993,발라드
766,015B,https://www.melon.com/song/detail.htm?songId=56243,그의 비밀,1993,발라드
767,이문세,https://www.melon.com/song/detail.htm?songId=608252,그대 나를 보면,1993,댄스
768,인공위성,https://www.melon.com/song/detail.htm?songId=56227,사랑이라 부를 수 있을까,1993,발라드
769,한동준,https://www.melon.com/song/detail.htm?songId=57337,사랑하는 사람들,1993,발라드
770,김승기,https://www.melon.com/song/detail.htm?songId=54975,길고 긴 사랑을 위해,1993,발라드
771,코나,https://www.melon.com/song/detail.htm?songId=55387,그녀의 아침,1993,댄스
772,신성우,https://www.melon.com/song/detail.htm?songId=56840,`친구`라 말할 수 있는 건,1993,록/메탈
773,김민기,https://www.melon.com/song/detail.htm?songId=54517,가을편지,1993,포크/블루스
774,넥스트,https://www.melon.com/song/detail.htm?songId=49035,도시인,1993,록/메탈
775,김종서,https://www.melon.com/song/detail.htm?songId=54503,겨울비,1993,록/메탈
776,유열,https://www.melon.com/song/detail.htm?songId=55301,처음사랑,1993,발라드
777,현진영,https://www.melon.com/song/detail.htm?songId=176473,두근 두근 쿵쿵,1993,댄스
778,김명상,https://www.melon.com/song/detail.htm?songId=863341,거기 지금 누구인가,1993,국내드라마
779,강산에,https://www.melon.com/song/detail.htm?songId=57786,...라구요,1993,록/메탈
780,김건모,https://www.melon.com/song/detail.htm?songId=91423,혼자만의 사랑,1993,발라드
781,김태후,https://www.melon.com/song/detail.htm?songId=50953,이별,1993,발라드
782,올스타 밴드,https://www.melon.com/song/detail.htm?songId=109279,내일은 늦으리,1993,발라드
783,김종찬,https://www.melon.com/song/detail.htm?songId=91432,산다는 것은,1993,발라드
784,이승철,https://www.melon.com/song/detail.htm?songId=2704165,마지막 콘서트,1993,발라드
785,김민종,https://www.melon.com/song/detail.htm?songId=463542,또 다른 만남을 위해,1993,발라드
786,박정운,https://www.melon.com/song/detail.htm?songId=56846,약속된 이별,1993,발라드
787,이윤수,https://www.melon.com/song/detail.htm?songId=78782,먼지가 되어,1993,포크/블루스
788,이승철,https://www.melon.com/song/detail.htm?songId=58160,마지막 콘서트,1993,발라드
789,박광현,https://www.melon.com/song/detail.htm?songId=53954,재회,1993,발라드
790,박준희,https://www.melon.com/song/detail.htm?songId=49186,눈 감아봐도,1993,댄스
791,이덕진,https://www.melon.com/song/detail.htm?songId=55486,아픈 기억속에서,1993,록/메탈
792,양수경,https://www.melon.com/song/detail.htm?songId=55847,잊어야 할 때,1993,발라드
793,김원준,https://www.melon.com/song/detail.htm?songId=54266,아무것도 몰라,1993,댄스
794,김종서,https://www.melon.com/song/detail.htm?songId=842521,새가 되어가리,1993,록/메탈
795,푸른하늘,https://www.melon.com/song/detail.htm?songId=1839235,내게 영원히,1993,발라드
796,양수경,https://www.melon.com/song/detail.htm?songId=50513,한번 더 생각해봐요,1993,발라드
797,김건모,https://www.melon.com/song/detail.htm?songId=56870,핑계,1994,댄스
798,부활,https://www.melon.com/song/detail.htm?songId=55991,사랑할수록,1994,록/메탈
799,김현철,https://www.melon.com/song/detail.htm?songId=2183382,달의 몰락,1994,발라드
800,전람회,https://www.melon.com/song/detail.htm?songId=61500,기억의 습작,1994,발라드
801,윤종신,https://www.melon.com/song/detail.htm?songId=57583,오래전 그날,1994,발라드
802,마로니에,https://www.melon.com/song/detail.htm?songId=1931126,칵테일 사랑,1994,댄스
803,피노키오,https://www.melon.com/song/detail.htm?songId=54182,다시만난 너에게,1994,록/메탈
804,강산에,https://www.melon.com/song/detail.htm?songId=38757,넌 할 수 있어,1994,록/메탈
805,임주리,https://www.melon.com/song/detail.htm?songId=91116,립스틱 짙게 바르고,1994,성인가요
806,신효범,https://www.melon.com/song/detail.htm?songId=91114,난 널 사랑해,1994,발라드
807,황규영,https://www.melon.com/song/detail.htm?songId=2744663,나는 문제 없어,1994,댄스
808,더 클래식,https://www.melon.com/song/detail.htm?songId=61829,마법의 성,1994,발라드
809,투투,https://www.melon.com/song/detail.htm?songId=3363619,일과 이분의 일,1994,댄스
810,신성우,https://www.melon.com/song/detail.htm?songId=851719,서시,1994,록/메탈
811,듀스,https://www.melon.com/song/detail.htm?songId=1675281,우리는,1994,랩/힙합
812,박상민,https://www.melon.com/song/detail.htm?songId=91475,멀어져 간 사람아,1994,발라드
813,조규찬,https://www.melon.com/song/detail.htm?songId=57513,추억#1,1994,발라드
814,임종환,https://www.melon.com/song/detail.htm?songId=56449,그냥 걸었어,1994,발라드
815,모노,https://www.melon.com/song/detail.htm?songId=1877188,넌 언제나,1994,발라드
816,모자이크,https://www.melon.com/song/detail.htm?songId=32442,자유시대,1994,댄스
817,이상우,https://www.melon.com/song/detail.htm?songId=172354,비창,1994,"발라드, 국내드라마"
818,이승환,https://www.melon.com/song/detail.htm?songId=532083,내게,1994,발라드
819,김태영,https://www.melon.com/song/detail.htm?songId=39348,혼자만의 사랑,1994,발라드
820,한동준,https://www.melon.com/song/detail.htm?songId=57339,너를 사랑해,1994,발라드
821,신승훈,https://www.melon.com/song/detail.htm?songId=58937,그 후로 오랫동안,1994,발라드
822,김민교,https://www.melon.com/song/detail.htm?songId=108385,마지막 승부,1994,"록/메탈, 국내드라마"
823,노이즈,https://www.melon.com/song/detail.htm?songId=57211,내가 널 닮아갈 때,1994,댄스
824,김종서,https://www.melon.com/song/detail.htm?songId=524811,남겨진 독백,1994,록/메탈
825,김정민,https://www.melon.com/song/detail.htm?songId=2796367,그대 사랑안에 머물러,1994,발라드
826,015B,https://www.melon.com/song/detail.htm?songId=56245,신(新) 인류의 사랑,1994,록/메탈
827,넥스트,https://www.melon.com/song/detail.htm?songId=33571,날아라 병아리,1994,발라드
828,민들레,https://www.melon.com/song/detail.htm?songId=37036,난 너에게,1994,"발라드, 포크/블루스"
829,Mr.2,https://www.melon.com/song/detail.htm?songId=2323160,하얀 겨울,1994,발라드
830,조관우,https://www.melon.com/song/detail.htm?songId=59448,늪,1994,발라드
831,오태호,https://www.melon.com/song/detail.htm?songId=418014,기억 속의 멜로디,1994,발라드
832,룰라,https://www.melon.com/song/detail.htm?songId=32676,100일(日)째 만남,1994,댄스
833,박정운,https://www.melon.com/song/detail.htm?songId=56846,약속된 이별,1994,발라드
834,김종찬,https://www.melon.com/song/detail.htm?songId=91432,산다는 것은,1994,발라드
835,구본승,https://www.melon.com/song/detail.htm?songId=3603383,너 하나만을 위해,1994,발라드
836,서태지와 아이들,https://www.melon.com/song/detail.htm?songId=91470,발해를 꿈꾸며,1994,록/메탈
837,데이지,https://www.melon.com/song/detail.htm?songId=3048210,나의 작은새,1994,록/메탈
838,빛과 소금,https://www.melon.com/song/detail.htm?songId=104786,오래된 친구,1994,록/메탈
839,닥터 레게,https://www.melon.com/song/detail.htm?songId=56962,어려워 정말 (Extended Ver.),1994,댄스
840,김광석,https://www.melon.com/song/detail.htm?songId=2981592,일어나,1994,포크/블루스
841,최연제,https://www.melon.com/song/detail.htm?songId=458105,너의 마음을 내게 준다면,1994,성인가요
842,김원준,https://www.melon.com/song/detail.htm?songId=58967,너 없는 동안,1994,댄스
843,낯선 사람들,https://www.melon.com/song/detail.htm?songId=66221,낯선 사람들,1994,"재즈, 보컬재즈"
844,강수지,https://www.melon.com/song/detail.htm?songId=38890,아름다운 너에게,1994,발라드
845,김종서,https://www.melon.com/song/detail.htm?songId=524812,세,1994,록/메탈
846,Mr.2,https://www.melon.com/song/detail.htm?songId=2323166,난 단지 나일뿐,1994,발라드
847,박정운,https://www.melon.com/song/detail.htm?songId=56333,그대만을 위한 사랑,1994,발라드
848,이원진,https://www.melon.com/song/detail.htm?songId=59078,시작되는 연인들을 위해,1994,발라드
849,코코,https://www.melon.com/song/detail.htm?songId=61581,그리움으로 지는 너,1994,발라드
850,Kiky,https://www.melon.com/song/detail.htm?songId=61360,다른 모습,1994,댄스
851,김원준,https://www.melon.com/song/detail.htm?songId=58966,짧은 다짐,1994,댄스
852,전일식,https://www.melon.com/song/detail.htm?songId=56639,널 기다리며,1994,록/메탈
853,김수희,https://www.melon.com/song/detail.htm?songId=1847750,애모,1994,성인가요
854,최진영,https://www.melon.com/song/detail.htm?songId=997784,사랑을 그대 품안에,1994,발라드
855,유영진,https://www.melon.com/song/detail.htm?songId=1514219,그대의 향기,1994,발라드
856,화이트,https://www.melon.com/song/detail.htm?songId=61798,W.H.I.T.E.,1994,발라드
857,더 블루,https://www.melon.com/song/detail.htm?songId=2170750,그대와 함께,1994,발라드
858,장철웅,https://www.melon.com/song/detail.htm?songId=171456,"서울, 이곳은",1994,국내드라마
859,최연제,https://www.melon.com/song/detail.htm?songId=60624,너를 잊을 수 없어,1994,발라드
860,오월,https://www.melon.com/song/detail.htm?songId=61343,종로에서,1994,발라드
861,이문세,https://www.melon.com/song/detail.htm?songId=55584,종원에게 (눈물 흘리지 말아요),1994,발라드
862,김종서,https://www.melon.com/song/detail.htm?songId=54503,겨울비,1994,록/메탈
863,모노,https://www.melon.com/song/detail.htm?songId=8184589,Paradise,1994,발라드
864,서태지와 아이들,https://www.melon.com/song/detail.htm?songId=54766,난 알아요,1994,댄스
865,김건모,https://www.melon.com/song/detail.htm?songId=91425,어떤 기다림,1994,댄스
866,박미경,https://www.melon.com/song/detail.htm?songId=60807,이유같지 않은 이유,1994,댄스
867,김민기,https://www.melon.com/song/detail.htm?songId=4107875,친구에게 (Feat. 전혜선),1994,"인디음악, 포크/블루스"
868,양수경,https://www.melon.com/song/detail.htm?songId=91113,슬픈 연인,1994,발라드
869,뮤,https://www.melon.com/song/detail.htm?songId=62022,새로운 느낌,1994,댄스
870,DJ DOC,https://www.melon.com/song/detail.htm?songId=1839375,수퍼맨의 비애 (Feat. Proud Marry),1994,랩/힙합
871,모자이크,https://www.melon.com/song/detail.htm?songId=3396155,너의 사고방식,1994,발라드
872,이희진,https://www.melon.com/song/detail.htm?songId=1659821,용서,1994,발라드
873,김승기,https://www.melon.com/song/detail.htm?songId=170066,당신이 그리워질 때(Main Title Song),1994,-
874,쿨 (COOL),https://www.melon.com/song/detail.htm?songId=61819,너이길 원했던 이유,1994,댄스
875,김원준,https://www.melon.com/song/detail.htm?songId=56084,언제나 (Always),1994,댄스
876,뮤턴트,https://www.melon.com/song/detail.htm?songId=66214,난 항,1994,록/메탈
877,신승훈,https://www.melon.com/song/detail.htm?songId=91435,처음 그 느낌처럼,1994,댄스
878,좌회전,https://www.melon.com/song/detail.htm?songId=61758,예행연습,1994,댄스
879,이창권,https://www.melon.com/song/detail.htm?songId=171202,다시 시작해,1994,국내드라마
880,박학기,https://www.melon.com/song/detail.htm?songId=2183418,날 사랑했다면,1994,발라드
881,박진영,https://www.melon.com/song/detail.htm?songId=91487,날 떠나지마,1994,댄스
882,이문세,https://www.melon.com/song/detail.htm?songId=55583,한번쯤 아니 두번쯤,1994,발라드
883,룰라,https://www.melon.com/song/detail.htm?songId=32611,비밀은 없어,1994,댄스
884,황세옥,https://www.melon.com/song/detail.htm?songId=91129,결론,1994,댄스
885,인공위성,https://www.melon.com/song/detail.htm?songId=56227,사랑이라 부를 수 있을까,1994,발라드
886,김종서,https://www.melon.com/song/detail.htm?songId=842521,새가 되어가리,1994,록/메탈
887,이승철,https://www.melon.com/song/detail.htm?songId=91484,겨울그림,1994,발라드
888,Mr.2,https://www.melon.com/song/detail.htm?songId=2348373,텅빈 객석,1994,발라드
889,듀스,https://www.melon.com/song/detail.htm?songId=1675279,약한 남자,1994,랩/힙합
890,Issue,https://www.melon.com/song/detail.htm?songId=57022,커피 향기의 오후,1994,발라드
891,이현석,https://www.melon.com/song/detail.htm?songId=1722639,학창시절,1994,록/메탈
892,잼,https://www.melon.com/song/detail.htm?songId=56215,어색한 느낌,1994,댄스
893,황승호제,https://www.melon.com/song/detail.htm?songId=1726626,너만을 느끼는 나,1994,발라드
894,김태후,https://www.melon.com/song/detail.htm?songId=57461,이별후에야,1994,발라드
895,푸른하늘,https://www.melon.com/song/detail.htm?songId=1839290,오렌지 나라의 앨리스,1994,발라드
896,김건모,https://www.melon.com/song/detail.htm?songId=62462,잘못된 만남,1995,댄스
897,녹색지대,https://www.melon.com/song/detail.htm?songId=1622501,사랑을 할꺼야,1995,발라드
898,솔리드,https://www.melon.com/song/detail.htm?songId=66261,이 밤의 끝을 잡고,1995,R&B/Soul
899,015B,https://www.melon.com/song/detail.htm?songId=62098,슬픈 인연,1995,발라드
900,K2 김성면,https://www.melon.com/song/detail.htm?songId=66052,슬프도록 아름다운 ...,1995,록/메탈
901,장혜진,https://www.melon.com/song/detail.htm?songId=61240,내게로,1995,발라드
902,이소라,https://www.melon.com/song/detail.htm?songId=1839641,난 행복해,1995,발라드
903,노이즈,https://www.melon.com/song/detail.htm?songId=66311,,1995,댄스
904,윤종신,https://www.melon.com/song/detail.htm?songId=63313,부디,1995,발라드
905,한동준,https://www.melon.com/song/detail.htm?songId=63343,사랑의 서약,1995,발라드
906,룰라,https://www.melon.com/song/detail.htm?songId=66240,날개 잃은 천사,1995,댄스
907,권진원,https://www.melon.com/song/detail.htm?songId=1698660,살다보면,1995,포크/블루스
908,김광석,https://www.melon.com/song/detail.htm?songId=421781,두바퀴로 가는 자동차,1995,포크/블루스
909,피노키오,https://www.melon.com/song/detail.htm?songId=66156,시간이 흐른뒤에,1995,록/메탈
910,김혜림,https://www.melon.com/song/detail.htm?songId=1620554,날 위한 이별,1995,발라드
911,DJ DOC,https://www.melon.com/song/detail.htm?songId=33146,머피의 법칙,1995,"발라드, 댄스, 랩/힙합"
912,최재훈,https://www.melon.com/song/detail.htm?songId=58506,널 보낸 후에,1995,발라드
913,신효범,https://www.melon.com/song/detail.htm?songId=607938,너의 곁에 있고 싶어,1995,발라드
914,R.ef,https://www.melon.com/song/detail.htm?songId=66366,고요속의 외침,1995,댄스
915,노영심,https://www.melon.com/song/detail.htm?songId=104067,그리움만 쌓이네,1995,발라드
916,이장우,https://www.melon.com/song/detail.htm?songId=63353,훈련소로 가는 길,1995,발라드
917,성진우,https://www.melon.com/song/detail.htm?songId=91491,포기하지 마,1995,댄스
918,박미경,https://www.melon.com/song/detail.htm?songId=65305,이브의 경고,1995,댄스
919,더 블루,https://www.melon.com/song/detail.htm?songId=32854,친구를 위해,1995,발라드
920,이승환,https://www.melon.com/song/detail.htm?songId=63699,천일동안,1995,발라드
921,박진영,https://www.melon.com/song/detail.htm?songId=91487,날 떠나지마,1995,댄스
922,조규찬,https://www.melon.com/song/detail.htm?songId=62922,아담과 이브는 사과를 깨물었다,1995,발라드
923,박미경,https://www.melon.com/song/detail.htm?songId=60807,이유같지 않은 이유,1995,댄스
924,신승훈,https://www.melon.com/song/detail.htm?songId=58937,그 후로 오랫동안,1995,발라드
925,박정운,https://www.melon.com/song/detail.htm?songId=71914,기억에 남는건 너의 젖은 눈동자,1995,발라드
926,박진영,https://www.melon.com/song/detail.htm?songId=64242,청혼가,1995,댄스
927,베이시스,https://www.melon.com/song/detail.htm?songId=66411,내가 날 버린 이유,1995,발라드
928,아낌없이 주는 나무,https://www.melon.com/song/detail.htm?songId=66447,유년시절의 기행,1995,발라드
929,듀스,https://www.melon.com/song/detail.htm?songId=1675397,굴레를 벗어나 (Mo Funk Ver.),1995,댄스
930,김현철,https://www.melon.com/song/detail.htm?songId=104941,끝난 건가요,1995,"발라드, 국내영화"
931,여행스케치,https://www.melon.com/song/detail.htm?songId=61776,산다는 건 다 그런게 아니겠니,1995,포크/블루스
932,이은미,https://www.melon.com/song/detail.htm?songId=91124,어떤 그리움,1995,발라드
933,지니,https://www.melon.com/song/detail.htm?songId=66475,뭐야 이건,1995,록/메탈
934,김원준,https://www.melon.com/song/detail.htm?songId=991976,세,1995,댄스
935,투투,https://www.melon.com/song/detail.htm?songId=66507,바람 난 여자,1995,댄스
936,뱅크,https://www.melon.com/song/detail.htm?songId=14221,가질 수 없는 너,1995,발라드
937,모자이크,https://www.melon.com/song/detail.htm?songId=66397,왕자와 병사들,1995,발라드
938,DJ DOC,https://www.melon.com/song/detail.htm?songId=1839375,수퍼맨의 비애 (Feat. Proud Marry),1995,랩/힙합
939,최민수 (Flyger),https://www.melon.com/song/detail.htm?songId=170430,의미없는 시간,1995,록/메탈
940,강수지,https://www.melon.com/song/detail.htm?songId=38931,흔들리지마,1995,발라드
941,양수경,https://www.melon.com/song/detail.htm?songId=61181,내일이 오면,1995,발라드
942,이문세,https://www.melon.com/song/detail.htm?songId=1698066,영원한 사랑 (With London Metropolitan Orchestra),1995,발라드
943,장필순,https://www.melon.com/song/detail.htm?songId=65025,하루,1995,발라드
944,피아노,https://www.melon.com/song/detail.htm?songId=62151,오렌지 향기속으로,1995,발라드
945,안치환,https://www.melon.com/song/detail.htm?songId=1719746,내가 만일,1995,포크/블루스
946,이승철,https://www.melon.com/song/detail.htm?songId=91484,겨울그림,1995,발라드
947,봄여름가을겨울,https://www.melon.com/song/detail.htm?songId=66105,Mystery,1995,록/메탈
948,컬트,https://www.melon.com/song/detail.htm?songId=3052442,너를 품에 안으면,1995,"인디음악, 록/메탈"
949,서태지와 아이들,https://www.melon.com/song/detail.htm?songId=64313,Come Back Home,1995,댄스
950,최경식,https://www.melon.com/song/detail.htm?songId=171315,Main Title,1995,국내드라마
951,김건모,https://www.melon.com/song/detail.htm?songId=60100,Show Your Smile (핑계),1995,댄스
952,박지원,https://www.melon.com/song/detail.htm?songId=62594,느낌만으로,1995,댄스
953,김종서,https://www.melon.com/song/detail.htm?songId=524808,플라스틱 신드롬,1995,록/메탈
954,변진섭,https://www.melon.com/song/detail.htm?songId=59067,니가 오는 날,1995,발라드
955,서지원,https://www.melon.com/song/detail.htm?songId=1876457,또 다른 시작,1995,발라드
956,이덕진,https://www.melon.com/song/detail.htm?songId=62441,기다릴줄 아는 지혜,1995,록/메탈
957,룰라,https://www.melon.com/song/detail.htm?songId=32611,비밀은 없어,1995,댄스
958,더 클래식,https://www.melon.com/song/detail.htm?songId=61829,마법의 성,1995,발라드
959,Mr.2,https://www.melon.com/song/detail.htm?songId=2348373,텅빈 객석,1995,발라드
960,이현석,https://www.melon.com/song/detail.htm?songId=1722639,학창시절,1995,록/메탈
961,터보,https://www.melon.com/song/detail.htm?songId=1606445,나 어릴 적 꿈,1995,댄스
962,유영진,https://www.melon.com/song/detail.htm?songId=1514219,그대의 향기,1995,발라드
963,화이트,https://www.melon.com/song/detail.htm?songId=1761798,그대도 나같음을,1995,발라드
964,조관우,https://www.melon.com/song/detail.htm?songId=59448,늪,1995,발라드
965,소방차,https://www.melon.com/song/detail.htm?songId=1700422,G Cafe,1995,"발라드, 댄스"
966,R.ef,https://www.melon.com/song/detail.htm?songId=66363,,1995,댄스
967,일기예보,https://www.melon.com/song/detail.htm?songId=66401,떠나려는 그대를,1995,발라드
968,최연제,https://www.melon.com/song/detail.htm?songId=60625,끊어진 반지,1995,발라드
969,최용준,https://www.melon.com/song/detail.htm?songId=3655080,갈채,1995,발라드
970,김정민,https://www.melon.com/song/detail.htm?songId=38651,슬픈 언약식,1995,발라드
971,육각수,https://www.melon.com/song/detail.htm?songId=487515,흥보가 기가막혀,1995,록/메탈
972,황세옥,https://www.melon.com/song/detail.htm?songId=91129,결론,1995,댄스
973,민들레,https://www.melon.com/song/detail.htm?songId=37036,난 너에게,1995,"발라드, 포크/블루스"
974,이정섭,https://www.melon.com/song/detail.htm?songId=59850,널 보낸 후에,1995,발라드
975,봄여름가을겨울,https://www.melon.com/song/detail.htm?songId=66104,미인,1995,록/메탈
976,이승철,https://www.melon.com/song/detail.htm?songId=1046280,너의 곁으로,1995,"발라드, 국내영화"
977,오태호,https://www.melon.com/song/detail.htm?songId=59936,눈이 슬픈 그대 -처음 만난 그때로,1995,발라드
978,오태호,https://www.melon.com/song/detail.htm?songId=91486,그대만의 전설,1995,발라드
979,삐삐 밴드,https://www.melon.com/song/detail.htm?songId=518549,안녕하세요,1995,"인디음악, 록/메탈"
980,강산에,https://www.melon.com/song/detail.htm?songId=38757,넌 할 수 있어,1995,록/메탈
981,김신우,https://www.melon.com/song/detail.htm?songId=1114706,기억해줘,1995,발라드
982,화이트,https://www.melon.com/song/detail.htm?songId=61798,W.H.I.T.E.,1995,발라드
983,넥스트,https://www.melon.com/song/detail.htm?songId=66737,Money,1995,록/메탈
984,김현철,https://www.melon.com/song/detail.htm?songId=62847,나를...,1995,발라드
985,노이즈,https://www.melon.com/song/detail.htm?songId=66310,어제와 다른 오늘,1995,댄스
986,R.ef,https://www.melon.com/song/detail.htm?songId=66362,이별 공식,1995,댄스
987,김대일,https://www.melon.com/song/detail.htm?songId=91482,사랑보다 좋은 사랑,1995,발라드
988,솔리드,https://www.melon.com/song/detail.htm?songId=66263,나만의 친구,1995,R&B/Soul
989,이원진,https://www.melon.com/song/detail.htm?songId=59078,시작되는 연인들을 위해,1995,발라드
990,Papertonic,https://www.melon.com/song/detail.htm?songId=63148,너의 궁전,1995,"발라드, 댄스"
991,EOS(이오에스),https://www.melon.com/song/detail.htm?songId=66824,넌 남이 아냐 (House Ver.),1995,댄스
992,신승훈,https://www.melon.com/song/detail.htm?songId=58941,오랜 이별뒤에,1995,발라드
993,김범수,https://www.melon.com/song/detail.htm?songId=63264,Happy End (Edit Ver.),1995,"재즈, 애시드/퓨전/팝"
994,김원준,https://www.melon.com/song/detail.htm?songId=64485,넌 내꺼,1995,댄스
995,최연제,https://www.melon.com/song/detail.htm?songId=60624,너를 잊을 수 없어,1995,발라드
