,Title,Artist,Year,Link,Genre
0,달팽이,패닉,1996,https://www.melon.com/song/detail.htm?songId=33189,록/메탈
1,내가 만일,안치환,1996,https://www.melon.com/song/detail.htm?songId=1719746,포크/블루스
2,널 사랑하겠어,동물원,1996,https://www.melon.com/song/detail.htm?songId=33206,"발라드, 포크/블루스"
3,모래성,조관우,1996,https://www.melon.com/song/detail.htm?songId=64565,발라드
4,영원히 내게,안상수,1996,https://www.melon.com/song/detail.htm?songId=64025,발라드
5,아주 가끔은,신해철,1996,https://www.melon.com/song/detail.htm?songId=106885,국내영화
6,귀천도애 (歸天道哀),김민종,1996,https://www.melon.com/song/detail.htm?songId=68743,발라드
7,정 (위험한 이별),영턱스클럽,1996,https://www.melon.com/song/detail.htm?songId=983247,댄스
8,환생,윤종신,1996,https://www.melon.com/song/detail.htm?songId=67691,발라드
9,꿍따리 샤바라,클론,1996,https://www.melon.com/song/detail.htm?songId=70896,댄스
10,잊을수 없는 너,최재훈,1996,https://www.melon.com/song/detail.htm?songId=67561,발라드
11,넌 나의 처음이자 마지막이야!,솔리드,1996,https://www.melon.com/song/detail.htm?songId=70600,R&B/Soul
12,스피드,김건모,1996,https://www.melon.com/song/detail.htm?songId=38445,댄스
13,여름이야기 (Sky Mix),DJ DOC,1996,https://www.melon.com/song/detail.htm?songId=33089,"댄스, 랩/힙합"
14,여우야(女雨夜),더 클래식,1996,https://www.melon.com/song/detail.htm?songId=66954,발라드
15,완전한 사랑,장혜진,1996,https://www.melon.com/song/detail.htm?songId=69620,발라드
16,지금 이대로,US,1996,https://www.melon.com/song/detail.htm?songId=2961489,댄스
17,준비 없는 이별,녹색지대,1996,https://www.melon.com/song/detail.htm?songId=1622512,발라드
18,말하자면,김성재,1996,https://www.melon.com/song/detail.htm?songId=1675592,"댄스, 랩/힙합"
19,내 눈물 모아,서지원,1996,https://www.melon.com/song/detail.htm?songId=1876466,발라드
20,애인(愛人),김정민,1996,https://www.melon.com/song/detail.htm?songId=38585,발라드
21,님은 먼곳에,조관우,1996,https://www.melon.com/song/detail.htm?songId=64561,발라드
22,Aspirin (아스피린) (12 String Guitar Ver.),걸,1996,https://www.melon.com/song/detail.htm?songId=38083,록/메탈
23,작은 기다림,쿨 (COOL),1996,https://www.melon.com/song/detail.htm?songId=66964,댄스
24,이방인(異邦人),전람회,1996,https://www.melon.com/song/detail.htm?songId=70679,발라드
25,하늘만 허락한 사랑,엄정화,1996,https://www.melon.com/song/detail.htm?songId=69374,발라드
26,슬픈 언약식,김정민,1996,https://www.melon.com/song/detail.htm?songId=38651,발라드
27,후회 없는 사랑,포지션,1996,https://www.melon.com/song/detail.htm?songId=70486,발라드
28,7년간의 사랑,화이트,1996,https://www.melon.com/song/detail.htm?songId=1761801,발라드
29,겨울이야기,DJ DOC,1996,https://www.melon.com/song/detail.htm?songId=1185237,댄스
30,취중진담(醉中眞談),전람회,1996,https://www.melon.com/song/detail.htm?songId=70696,발라드
31,3!4!,룰라,1996,https://www.melon.com/song/detail.htm?songId=70994,댄스
32,Twist King,터보,1996,https://www.melon.com/song/detail.htm?songId=1606430,댄스
33,우리의 밤은 당신의 낮보다 아름답다,코나,1996,https://www.melon.com/song/detail.htm?songId=70631,발라드
34,내가 지켜줄께,녹색지대,1996,https://www.melon.com/song/detail.htm?songId=1622515,발라드
35,그대 내품에,박정운,1996,https://www.melon.com/song/detail.htm?songId=55272,발라드
36,처음 느낌 그대로,이소라,1996,https://www.melon.com/song/detail.htm?songId=1839640,발라드
37,나에게로의 초대,정경화,1996,https://www.melon.com/song/detail.htm?songId=898849,록/메탈
38,조조 할인 (Feat. 이적),이문세,1996,https://www.melon.com/song/detail.htm?songId=68709,록/메탈
39,내가 너의 곁에 잠시 살았다는 걸,토이,1996,https://www.melon.com/song/detail.htm?songId=2743595,발라드
40,마지막 약속,김정민,1996,https://www.melon.com/song/detail.htm?songId=485161,발라드
41,다시,육각수,1996,https://www.melon.com/song/detail.htm?songId=70963,"발라드, 댄스"
42,필요한 건 시간일뿐,강수지,1996,https://www.melon.com/song/detail.htm?songId=38920,발라드
43,찬란한 사랑 (,R.ef,1996,https://www.melon.com/song/detail.htm?songId=70685,댄스
44,배반,윤상,1996,https://www.melon.com/song/detail.htm?songId=1175758,발라드
45,좋아 좋아,일기예보,1996,https://www.melon.com/song/detail.htm?songId=71032,록/메탈
46,Bow Wow,아이돌,1996,https://www.melon.com/song/detail.htm?songId=70440,댄스
47,왜 그래,김현철,1996,https://www.melon.com/song/detail.htm?songId=62846,발라드
48,슬픔이 올때,신성우,1996,https://www.melon.com/song/detail.htm?songId=67832,록/메탈
49,작별의식,베이시스,1996,https://www.melon.com/song/detail.htm?songId=71198,발라드
50,책임져,언타이틀,1996,https://www.melon.com/song/detail.htm?songId=1675531,댄스
51,살다보면,권진원,1996,https://www.melon.com/song/detail.htm?songId=1698660,포크/블루스
52,전사의 후예 (폭력시대),H.O.T.,1996,https://www.melon.com/song/detail.htm?songId=71608,댄스
53,너의 곁으로,이승철,1996,https://www.melon.com/song/detail.htm?songId=1046280,"발라드, 국내영화"
54,사랑하는 어머님께,최성빈,1996,https://www.melon.com/song/detail.htm?songId=1725732,발라드
55,Show,김원준,1996,https://www.melon.com/song/detail.htm?songId=2277092,댄스
56,존재의 이유 1,김종환,1996,https://www.melon.com/song/detail.htm?songId=842808,성인가요
57,Good Bye,서태지와 아이들,1996,https://www.melon.com/song/detail.htm?songId=67477,발라드
58,어떤가요?,이정봉,1996,https://www.melon.com/song/detail.htm?songId=67962,발라드
59,내 방식대로의 사랑 (House Version),신승훈,1996,https://www.melon.com/song/detail.htm?songId=67726,발라드
60,너의 얘기를,성진우,1996,https://www.melon.com/song/detail.htm?songId=68322,댄스
61,콩깍지,015B,1996,https://www.melon.com/song/detail.htm?songId=39173,발라드
62,사자후(獅子喉),이현도,1996,https://www.melon.com/song/detail.htm?songId=68799,"댄스, 랩/힙합"
63,사랑의 마음 가득히,한동준,1996,https://www.melon.com/song/detail.htm?songId=63342,발라드
64,나보다 조금 더 높은 곳에 니가 있을 뿐,신승훈,1996,https://www.melon.com/song/detail.htm?songId=67724,발라드
65,에필로그,변진섭,1996,https://www.melon.com/song/detail.htm?songId=68050,발라드
66,끝없는 사랑,녹색지대,1996,https://www.melon.com/song/detail.htm?songId=1622510,발라드
67,꼭 나처럼... (슬픈 저주),뱅크,1996,https://www.melon.com/song/detail.htm?songId=14242,발라드
68,선택,터보,1996,https://www.melon.com/song/detail.htm?songId=1606450,댄스
69,다시 난 사는 거야,김종서,1996,https://www.melon.com/song/detail.htm?songId=524809,록/메탈
70,태극기,강산에,1996,https://www.melon.com/song/detail.htm?songId=38807,록/메탈
71,슬픈 기대,엄정화,1996,https://www.melon.com/song/detail.htm?songId=65956,댄스
72,천,룰라,1996,https://www.melon.com/song/detail.htm?songId=37171,댄스
73,UFO,패닉,1996,https://www.melon.com/song/detail.htm?songId=71554,록/메탈
74,넌 남이 아냐 (House Ver.),EOS(이오에스),1996,https://www.melon.com/song/detail.htm?songId=66824,댄스
75,천생연분,솔리드,1996,https://www.melon.com/song/detail.htm?songId=70602,"댄스, R&B/Soul"
76,비련,비비,1996,https://www.melon.com/song/detail.htm?songId=70798,댄스
77,그럴때마다,윤종신,1996,https://www.melon.com/song/detail.htm?songId=2743596,발라드
78,Love Is... (3+3=0),터보,1996,https://www.melon.com/song/detail.htm?songId=1606428,댄스
79,운명,신승훈,1996,https://www.melon.com/song/detail.htm?songId=67725,발라드
80,홀로서기,노이즈,1996,https://www.melon.com/song/detail.htm?songId=67072,댄스
81,혼자만의 겨울,강수지,1996,https://www.melon.com/song/detail.htm?songId=38919,발라드
82,널 위한 거야,미스 미스터,1996,https://www.melon.com/song/detail.htm?songId=70765,록/메탈
83,늘 지금처럼 (Come On Baby Tonight),이예린,1996,https://www.melon.com/song/detail.htm?songId=69464,발라드
84,가면놀이 (Remix),벅,1996,https://www.melon.com/song/detail.htm?songId=66872,댄스
85,미녀와 야수 (Ok?Ok?),DJ DOC,1996,https://www.melon.com/song/detail.htm?songId=1185239,댄스
86,가질 수 없는 너,뱅크,1996,https://www.melon.com/song/detail.htm?songId=14221,발라드
87,또,인순이,1996,https://www.melon.com/song/detail.htm?songId=3491878,발라드
88,너를 품에 안으면,컬트,1996,https://www.melon.com/song/detail.htm?songId=3052442,"인디음악, 록/메탈"
89,난 행복해,이소라,1996,https://www.melon.com/song/detail.htm?songId=1839641,발라드
90,마지막 너를 보내며 (Woman),페이지,1996,https://www.melon.com/song/detail.htm?songId=91579,발라드
91,인형의 꿈,일기예보,1996,https://www.melon.com/song/detail.htm?songId=71033,발라드
92,이젠 널 인정하려 해,뱅크,1996,https://www.melon.com/song/detail.htm?songId=14237,발라드
93,일생을,김현철,1996,https://www.melon.com/song/detail.htm?songId=68994,발라드
94,시대유감(時代遺憾),서태지와 아이들,1996,https://www.melon.com/song/detail.htm?songId=68266,록/메탈
95,안녕하세요,삐삐 밴드,1996,https://www.melon.com/song/detail.htm?songId=518549,"인디음악, 록/메탈"
96,I Miss You,서지원,1996,https://www.melon.com/song/detail.htm?songId=1876467,발라드
97,아담의 심리,박미경,1996,https://www.melon.com/song/detail.htm?songId=70036,댄스
98,다시 내곁에(이별 Part.2),김원준,1996,https://www.melon.com/song/detail.htm?songId=64487,댄스
99,착각,노이즈,1996,https://www.melon.com/song/detail.htm?songId=67078,댄스
100,나를 슬프게 하는 사람들,김경호,1997,https://www.melon.com/song/detail.htm?songId=38662,록/메탈
101,애송이의 사랑,양파,1997,https://www.melon.com/song/detail.htm?songId=70148,발라드
102,영원,조관우,1997,https://www.melon.com/song/detail.htm?songId=69198,발라드
103,그녀는 예뻤다,박진영,1997,https://www.melon.com/song/detail.htm?songId=91534,댄스
104,아름다운 구속,김종서,1997,https://www.melon.com/song/detail.htm?songId=38394,록/메탈
105,그때 또 다시 (Again),임창정,1997,https://www.melon.com/song/detail.htm?songId=526820,발라드
106,가족,이승환,1997,https://www.melon.com/song/detail.htm?songId=48914,발라드
107,Remember,포지션,1997,https://www.melon.com/song/detail.htm?songId=73896,록/메탈
108,기억해줘,이소라,1997,https://www.melon.com/song/detail.htm?songId=1839666,발라드
109,괜찮아,녹색지대,1997,https://www.melon.com/song/detail.htm?songId=1622523,발라드
110,재회(再會),K2 김성면,1997,https://www.melon.com/song/detail.htm?songId=72307,록/메탈
111,다시 만나 줘,업타운,1997,https://www.melon.com/song/detail.htm?songId=86317,랩/힙합
112,"Here, I Stand For You (Original Ver.)",넥스트,1997,https://www.melon.com/song/detail.htm?songId=37832,록/메탈
113,사랑을 위하여,김종환,1997,https://www.melon.com/song/detail.htm?songId=1877126,성인가요
114,Doc와 춤을,DJ DOC,1997,https://www.melon.com/song/detail.htm?songId=9390,댄스
115,맨발의 청춘,벅,1997,https://www.melon.com/song/detail.htm?songId=91245,댄스
116,인형의 꿈,일기예보,1997,https://www.melon.com/song/detail.htm?songId=71033,발라드
117,라일락이 질때,이선희,1997,https://www.melon.com/song/detail.htm?songId=91212,발라드
118,용서,이예린,1997,https://www.melon.com/song/detail.htm?songId=73199,댄스
119,해변의 여인,쿨 (COOL),1997,https://www.melon.com/song/detail.htm?songId=78853,댄스
120,나만의 슬픔,김돈규,1997,https://www.melon.com/song/detail.htm?songId=69343,발라드
121,암연,고한우,1997,https://www.melon.com/song/detail.htm?songId=74951,발라드
122,배반의 장미,엄정화,1997,https://www.melon.com/song/detail.htm?songId=73257,댄스
123,바람의 노래,조용필,1997,https://www.melon.com/song/detail.htm?songId=72689,성인가요
124,애수,진시몬,1997,https://www.melon.com/song/detail.htm?songId=1913713,성인가요
125,오늘도 난,이승철,1997,https://www.melon.com/song/detail.htm?songId=68913,댄스
126,Bus 안에서,자자 (ZAZA),1997,https://www.melon.com/song/detail.htm?songId=71581,댄스
127,운명,쿨 (COOL),1997,https://www.melon.com/song/detail.htm?songId=71766,댄스
128,비오는 거리,이승훈,1997,https://www.melon.com/song/detail.htm?songId=68079,발라드
129,16/20 (열여섯 스물),주주 클럽,1997,https://www.melon.com/song/detail.htm?songId=71501,록/메탈
130,가위,유승준,1997,https://www.melon.com/song/detail.htm?songId=72698,댄스
131,그땐 그랬지,카니발,1997,https://www.melon.com/song/detail.htm?songId=91275,발라드
132,꿈의 대화,장혜진,1997,https://www.melon.com/song/detail.htm?songId=667127,발라드
133,밤의 길목에서 (Remake),김세영,1997,https://www.melon.com/song/detail.htm?songId=2023565,발라드
134,청혼,이소라,1997,https://www.melon.com/song/detail.htm?songId=1839667,발라드
135,애원(愛遠),박상민,1997,https://www.melon.com/song/detail.htm?songId=72166,발라드
136,날개,언타이틀,1997,https://www.melon.com/song/detail.htm?songId=1675485,댄스
137,연인,룰라,1997,https://www.melon.com/song/detail.htm?songId=32652,댄스
138,다시 돌아온 그대 위해,유재하를 추모하는 앨범 1987 - 다시 돌아온 그대위해,1997,https://www.melon.com/song/detail.htm?songId=1865508,발라드
139,졸업,전람회,1997,https://www.melon.com/song/detail.htm?songId=91249,발라드
140,사랑의 송가,Cucina Acoustica,1997,https://www.melon.com/song/detail.htm?songId=1708683,국내영화
141,그래,디바,1997,https://www.melon.com/song/detail.htm?songId=37501,댄스
142,행복,H.O.T.,1997,https://www.melon.com/song/detail.htm?songId=91264,댄스
143,현명한 선택,소찬휘,1997,https://www.melon.com/song/detail.htm?songId=1500836,댄스
144,사랑이라는 이유로,조 트리오,1997,https://www.melon.com/song/detail.htm?songId=176202,발라드
145,그대 떠나가도,조장혁,1997,https://www.melon.com/song/detail.htm?songId=69302,발라드
146,결혼해줘,임창정,1997,https://www.melon.com/song/detail.htm?songId=526821,발라드
147,헤어진 다음날,이현우,1997,https://www.melon.com/song/detail.htm?songId=1022090,발라드
148,Forever,안재욱,1997,https://www.melon.com/song/detail.htm?songId=72708,발라드
149,타인,영턱스클럽,1997,https://www.melon.com/song/detail.htm?songId=91257,발라드
150,사랑해 (Hiphop Ver.) (Contain Sample Of),이현도,1997,https://www.melon.com/song/detail.htm?songId=74610,랩/힙합
151,그녀를 위해,이정봉,1997,https://www.melon.com/song/detail.htm?songId=75440,발라드
152,뿌요 뿌요,유피,1997,https://www.melon.com/song/detail.htm?songId=91255,댄스
153,좋은사람 있으면 소개시켜줘,베이시스,1997,https://www.melon.com/song/detail.htm?songId=71196,발라드
154,Candy,H.O.T.,1997,https://www.melon.com/song/detail.htm?songId=71606,댄스
155,도시 탈출,클론,1997,https://www.melon.com/song/detail.htm?songId=91262,댄스
156,비련,구피,1997,https://www.melon.com/song/detail.htm?songId=2323456,댄스
157,그녀는...,레드플러스,1997,https://www.melon.com/song/detail.htm?songId=32488,록/메탈
158,Lonely Night,부활,1997,https://www.melon.com/song/detail.htm?songId=3390249,록/메탈
159,끼리 끼리,솔리드,1997,https://www.melon.com/song/detail.htm?songId=74113,"댄스, R&B/Soul"
160,영산강,안치환,1997,https://www.melon.com/song/detail.htm?songId=2273956,포크/블루스
161,뮤지컬,임상아,1997,https://www.melon.com/song/detail.htm?songId=1675247,발라드
162,말해줘,지누션,1997,https://www.melon.com/song/detail.htm?songId=74372,"댄스, 랩/힙합"
163,저 바다가 날 막겠어,임상아,1997,https://www.melon.com/song/detail.htm?songId=1675214,록/메탈
164,사나이 가는 길 (폼생폼사),젝스키스,1997,https://www.melon.com/song/detail.htm?songId=74289,댄스
165,Good Bye Yesterday,터보,1997,https://www.melon.com/song/detail.htm?songId=1606414,댄스
166,"사랑, 두려움",듀스,1997,https://www.melon.com/song/detail.htm?songId=37591,랩/힙합
167,순애보,유리상자,1997,https://www.melon.com/song/detail.htm?songId=74387,발라드
168,독립선언,이뉴,1997,https://www.melon.com/song/detail.htm?songId=991054,댄스
169,너에게 가고 싶어,이은미,1997,https://www.melon.com/song/detail.htm?songId=74882,발라드
170,,김정훈,1997,https://www.melon.com/song/detail.htm?songId=1522467,-
171,Gasoline,지누션,1997,https://www.melon.com/song/detail.htm?songId=91261,"댄스, 랩/힙합"
172,개성,리아,1997,https://www.melon.com/song/detail.htm?songId=1839527,록/메탈
173,믿어지지 않는 얘기,조규찬,1997,https://www.melon.com/song/detail.htm?songId=74911,발라드
174,영원 (永遠),김종서,1997,https://www.melon.com/song/detail.htm?songId=38412,록/메탈
175,침묵의 기록,이승환,1997,https://www.melon.com/song/detail.htm?songId=76227,발라드
176,바다,유피,1997,https://www.melon.com/song/detail.htm?songId=91256,댄스
177,4가지 하고 싶은말,리아,1997,https://www.melon.com/song/detail.htm?songId=1839524,록/메탈
178,무한지애(無恨之愛),김정민,1997,https://www.melon.com/song/detail.htm?songId=38587,발라드
179,널 닮은 세,신효범,1997,https://www.melon.com/song/detail.htm?songId=70077,발라드
180,연정 (戀情),젝스키스,1997,https://www.melon.com/song/detail.htm?songId=74288,댄스
181,그대는 어디에,임재범,1997,https://www.melon.com/song/detail.htm?songId=1722259,발라드
182,네모의 꿈,화이트,1997,https://www.melon.com/song/detail.htm?songId=1761812,발라드
183,심연(深淵),R.ef,1997,https://www.melon.com/song/detail.htm?songId=75138,댄스
184,Memories,사준,1997,https://www.melon.com/song/detail.htm?songId=72322,발라드
185,왜 하늘은...,이지훈,1997,https://www.melon.com/song/detail.htm?songId=68902,발라드
186,Summer Time,포지션,1997,https://www.melon.com/song/detail.htm?songId=91254,댄스
187,이별,이지훈,1997,https://www.melon.com/song/detail.htm?songId=75798,발라드
188,얄개시대,김원준,1997,https://www.melon.com/song/detail.htm?songId=39128,댄스
189,무기여 잘 있거라,박상민,1997,https://www.melon.com/song/detail.htm?songId=72165,발라드
190,나만의 신부,이지훈,1997,https://www.melon.com/song/detail.htm?songId=68907,댄스
191,악세사리,구본승,1997,https://www.melon.com/song/detail.htm?songId=38090,댄스
192,바램,변재원,1997,https://www.melon.com/song/detail.htm?songId=75835,발라드
193,존재의 이유 1,김종환,1997,https://www.melon.com/song/detail.htm?songId=842808,성인가요
194,발걸음,에메랄드 캐슬,1997,https://www.melon.com/song/detail.htm?songId=73737,록/메탈
195,진실에 관하여,여행스케치,1997,https://www.melon.com/song/detail.htm?songId=74800,"발라드, 포크/블루스"
196,질투,영턱스클럽,1997,https://www.melon.com/song/detail.htm?songId=74260,댄스
197,Cat`s Eye,김지현,1997,https://www.melon.com/song/detail.htm?songId=618869,댄스
198,거짓말이야,DJ DOC,1997,https://www.melon.com/song/detail.htm?songId=9397,댄스
199,나는 나,주주 클럽,1997,https://www.melon.com/song/detail.htm?songId=71502,록/메탈
200,Poison,엄정화,1998,https://www.melon.com/song/detail.htm?songId=83721,댄스
201,그녀와의 이별,김현정,1998,https://www.melon.com/song/detail.htm?songId=38547,댄스
202,애,쿨 (COOL),1998,https://www.melon.com/song/detail.htm?songId=77694,댄스
203,지킬 수 없는 약속,신승훈,1998,https://www.melon.com/song/detail.htm?songId=77374,발라드
204,애인이 생겼어요,터보,1998,https://www.melon.com/song/detail.htm?songId=1606672,댄스
205,Dreams Come True,S.E.S.,1998,https://www.melon.com/song/detail.htm?songId=75068,댄스
206,뻐꾸기 둥지위로 날아간 새,김건모,1998,https://www.melon.com/song/detail.htm?songId=38453,댄스
207,나나나,유승준,1998,https://www.melon.com/song/detail.htm?songId=489873,댄스
208,믿음,이소라,1998,https://www.melon.com/song/detail.htm?songId=1839686,발라드
209,착한 사랑,김민종,1998,https://www.melon.com/song/detail.htm?songId=38388,발라드
210,To Heaven,조성모,1998,https://www.melon.com/song/detail.htm?songId=1816948,발라드
211,나와 같다면,김장훈,1998,https://www.melon.com/song/detail.htm?songId=77363,발라드
212,사랑을 위하여,김종환,1998,https://www.melon.com/song/detail.htm?songId=1877126,성인가요
213,나의 사랑 천,김경호,1998,https://www.melon.com/song/detail.htm?songId=38698,록/메탈
214,P.S. I Love You,박정현,1998,https://www.melon.com/song/detail.htm?songId=2184575,발라드
215,비(悲),김정민,1998,https://www.melon.com/song/detail.htm?songId=46284,발라드
216,Epilogue,김종서,1998,https://www.melon.com/song/detail.htm?songId=38495,록/메탈
217,사람이 꽃보다 아름다워,안치환,1998,https://www.melon.com/song/detail.htm?songId=2274404,포크/블루스
218,거꾸로 강을 거슬러 오르는 저 힘찬 연어들처럼,강산에,1998,https://www.melon.com/song/detail.htm?songId=38793,록/메탈
219,진심,김광진,1998,https://www.melon.com/song/detail.htm?songId=33972,발라드
220,(`Cause) I`m Your Girl,S.E.S.,1998,https://www.melon.com/song/detail.htm?songId=78184,댄스
221,난 그래,리아,1998,https://www.melon.com/song/detail.htm?songId=32700,록/메탈
222,보낼수밖에 없는 난,소찬휘,1998,https://www.melon.com/song/detail.htm?songId=1500839,발라드
223,행복한 나를,에코,1998,https://www.melon.com/song/detail.htm?songId=91268,발라드
224,일,신해철,1998,https://www.melon.com/song/detail.htm?songId=33590,록/메탈
225,헤어진 다음날,이현우,1998,https://www.melon.com/song/detail.htm?songId=1022090,발라드
226,내 낡은 서랍 속의 바다,패닉,1998,https://www.melon.com/song/detail.htm?songId=437146,록/메탈
227,Everybody,진주,1998,https://www.melon.com/song/detail.htm?songId=75052,댄스
228,Love Love,비쥬,1998,https://www.melon.com/song/detail.htm?songId=81526,-
229,비원(悲願),박상민,1998,https://www.melon.com/song/detail.htm?songId=77991,발라드
230,세,김장훈,1998,https://www.melon.com/song/detail.htm?songId=77364,발라드
231,회,터보,1998,https://www.melon.com/song/detail.htm?songId=1606413,발라드
232,해에게서 소년에게,넥스트,1998,https://www.melon.com/song/detail.htm?songId=37845,록/메탈
233,외출,최재훈,1998,https://www.melon.com/song/detail.htm?songId=78451,록/메탈
234,사랑한 후에,신성우,1998,https://www.melon.com/song/detail.htm?songId=77872,록/메탈
235,먼 훗날,YB,1998,https://www.melon.com/song/detail.htm?songId=79953,록/메탈
236,눈물 내리는 날 (비),조 트리오,1998,https://www.melon.com/song/detail.htm?songId=8218628,발라드
237,내게 너무 이쁜 그녀,아낌없이 주는 나무,1998,https://www.melon.com/song/detail.htm?songId=75813,발라드
238,혼자한 사랑,김현정,1998,https://www.melon.com/song/detail.htm?songId=38548,댄스
239,배려,김동률,1998,https://www.melon.com/song/detail.htm?songId=38030,발라드
240,알고 싶어요!,양파,1998,https://www.melon.com/song/detail.htm?songId=76946,발라드
241,하나의 사랑,박상민,1998,https://www.melon.com/song/detail.htm?songId=78002,발라드
242,슬픈 얼굴,A.R.T,1998,https://www.melon.com/song/detail.htm?songId=91284,발라드
243,Love Song,김종서,1998,https://www.melon.com/song/detail.htm?songId=1627767,록/메탈
244,널 위해 준비된 사랑,김조한,1998,https://www.melon.com/song/detail.htm?songId=38003,R&B/Soul
245,눈물,리아,1998,https://www.melon.com/song/detail.htm?songId=32729,록/메탈
246,그녀의 생일,뱅크,1998,https://www.melon.com/song/detail.htm?songId=14228,발라드
247,Honey,박진영,1998,https://www.melon.com/song/detail.htm?songId=77536,댄스
248,길,조관우,1998,https://www.melon.com/song/detail.htm?songId=47534,발라드
249,거짓말도 보여요,김현철,1998,https://www.melon.com/song/detail.htm?songId=38605,발라드
250,소원,김현성,1998,https://www.melon.com/song/detail.htm?songId=38217,발라드
251,별이 되어,임창정,1998,https://www.melon.com/song/detail.htm?songId=481565,발라드
252,처음 주신 사랑,유리상자,1998,https://www.melon.com/song/detail.htm?songId=534607,발라드
253,왜불러,디바,1998,https://www.melon.com/song/detail.htm?songId=78351,댄스
254,나의 하루,박정현,1998,https://www.melon.com/song/detail.htm?songId=2184574,발라드
255,사랑은 유리같은 것,원준희,1998,https://www.melon.com/song/detail.htm?songId=3560382,발라드
256,Blue Rain,핑클 (Fin.K.L),1998,https://www.melon.com/song/detail.htm?songId=33268,발라드
257,루비(淚悲):슬픈 눈물,핑클 (Fin.K.L),1998,https://www.melon.com/song/detail.htm?songId=33271,발라드
258,뭐를 잘못한거니!,Esther,1998,https://www.melon.com/song/detail.htm?songId=76490,발라드
259,Happy Together,서영은,1998,https://www.melon.com/song/detail.htm?songId=1573529,발라드
260,1:1,주주 클럽,1998,https://www.melon.com/song/detail.htm?songId=78944,록/메탈
261,마지막 사랑,에코,1998,https://www.melon.com/song/detail.htm?songId=80649,발라드
262,Solo예찬,이문세,1998,https://www.melon.com/song/detail.htm?songId=79774,발라드
263,난 행복해,이소라,1998,https://www.melon.com/song/detail.htm?songId=1839641,발라드
264,내게 다시,더더 (THETHE),1998,https://www.melon.com/song/detail.htm?songId=37596,록/메탈
265,정인 (情人),The Day,1998,https://www.melon.com/song/detail.htm?songId=4463490,발라드
266,올라올라,업타운,1998,https://www.melon.com/song/detail.htm?songId=2683765,랩/힙합
267,"Oh, My Love",S.E.S.,1998,https://www.melon.com/song/detail.htm?songId=78185,댄스
268,십년이 지나도,박진영,1998,https://www.melon.com/song/detail.htm?songId=78044,발라드
269,커플,젝스키스,1998,https://www.melon.com/song/detail.htm?songId=81013,댄스
270,Say Goodbye,화이트,1998,https://www.melon.com/song/detail.htm?songId=1762102,발라드
271,향수 (그때가 그리워),여행스케치,1998,https://www.melon.com/song/detail.htm?songId=80323,"발라드, 포크/블루스"
272,정동진1,정태춘,1998,https://www.melon.com/song/detail.htm?songId=3104074,포크/블루스
273,하나,옐로우,1998,https://www.melon.com/song/detail.htm?songId=2352854,발라드
274,Road Fighter,젝스키스,1998,https://www.melon.com/song/detail.htm?songId=79951,댄스
275,사랑만들기,엔알지 (NRG),1998,https://www.melon.com/song/detail.htm?songId=80067,댄스
276,세,베이시스,1998,https://www.melon.com/song/detail.htm?songId=76623,발라드
277,귀머거리 하늘,R.ef,1998,https://www.melon.com/song/detail.htm?songId=91291,댄스
278,고개숙인 너에게,신승훈,1998,https://www.melon.com/song/detail.htm?songId=77375,발라드
279,밀랍천사,자우림,1998,https://www.melon.com/song/detail.htm?songId=91285,록/메탈
280,열맞춰! (Line Up!),H.O.T.,1998,https://www.melon.com/song/detail.htm?songId=80473,댄스
281,할 수 있어,엔알지 (NRG),1998,https://www.melon.com/song/detail.htm?songId=76321,댄스
282,Poison,엄정화,1998,https://www.melon.com/song/detail.htm?songId=83721,댄스
283,가장 슬픈날의 왈츠,변진섭,1998,https://www.melon.com/song/detail.htm?songId=77729,발라드
284,내가 기다린 사랑,유승준,1998,https://www.melon.com/song/detail.htm?songId=78630,댄스
285,내안의 그대,업타운,1998,https://www.melon.com/song/detail.htm?songId=76252,랩/힙합
286,내 남자 친구에게,핑클 (Fin.K.L),1998,https://www.melon.com/song/detail.htm?songId=33273,댄스
287,나나나,유승준,1998,https://www.melon.com/song/detail.htm?songId=78633,댄스
288,유리,이기찬,1998,https://www.melon.com/song/detail.htm?songId=76033,발라드
289,널 보낸 이유 (Live),이승철,1998,https://www.melon.com/song/detail.htm?songId=611303,발라드
290,늑대와 함께 춤을,임창정,1998,https://www.melon.com/song/detail.htm?songId=481561,댄스
291,애심 (Remix),태사자,1998,https://www.melon.com/song/detail.htm?songId=105679,댄스
292,악마의 연기 (Feat. Perry),양현석,1998,https://www.melon.com/song/detail.htm?songId=80414,랩/힙합
293,금지된 사랑,김경호,1998,https://www.melon.com/song/detail.htm?songId=38667,록/메탈
294,Good-bye Love,이지훈,1998,https://www.melon.com/song/detail.htm?songId=84098,발라드
295,자꾸 자꾸,일기예보,1998,https://www.melon.com/song/detail.htm?songId=75082,발라드
296,이별,안재욱,1998,https://www.melon.com/song/detail.htm?songId=78033,발라드
297,미래(未來),이현도,1998,https://www.melon.com/song/detail.htm?songId=78291,랩/힙합
298,세,신효범,1998,https://www.melon.com/song/detail.htm?songId=91226,발라드
299,슬픈 영혼식 (For Your Soul),조성모,1999,https://www.melon.com/song/detail.htm?songId=1139375,발라드
300,오직 너뿐인 나를…,이승철,1999,https://www.melon.com/song/detail.htm?songId=611573,발라드
301,A`ddio,양파,1999,https://www.melon.com/song/detail.htm?songId=83803,발라드
302,그녀의 연인에게... #Story Ⅰ,K2 김성면,1999,https://www.melon.com/song/detail.htm?songId=83891,록/메탈
303,미절 (Misery),쿨 (COOL),1999,https://www.melon.com/song/detail.htm?songId=66554,댄스
304,영원한 사랑,핑클 (Fin.K.L),1999,https://www.melon.com/song/detail.htm?songId=82633,댄스
305,되돌아온 이별,김현정,1999,https://www.melon.com/song/detail.htm?songId=38571,댄스
306,열정,유승준,1999,https://www.melon.com/song/detail.htm?songId=489870,댄스
307,불멸의 사랑,조성모,1999,https://www.melon.com/song/detail.htm?songId=1816950,발라드
308,신부에게,유리상자,1999,https://www.melon.com/song/detail.htm?songId=91317,발라드
309,Shut Up!! (Feat. 이윤정),유승준,1999,https://www.melon.com/song/detail.htm?songId=4123388,댄스
310,여름안에서,듀스,1999,https://www.melon.com/song/detail.htm?songId=37571,랩/힙합
311,비정(非情),김경호,1999,https://www.melon.com/song/detail.htm?songId=38751,록/메탈
312,몰라,엄정화,1999,https://www.melon.com/song/detail.htm?songId=83208,댄스
313,배웅,윤종신,1999,https://www.melon.com/song/detail.htm?songId=4383670,발라드
314,사랑보다 깊은,임재범,1999,https://www.melon.com/song/detail.htm?songId=1722260,발라드
315,비원(悲願),김민종,1999,https://www.melon.com/song/detail.htm?songId=38466,발라드
316,마지막 사랑,박기영,1999,https://www.melon.com/song/detail.htm?songId=82979,발라드
317,연애,김현철,1999,https://www.melon.com/song/detail.htm?songId=38634,발라드
318,To Heaven,조성모,1999,https://www.melon.com/song/detail.htm?songId=1816948,발라드
319,남자이야기 -My Way,허니 패밀리,1999,https://www.melon.com/song/detail.htm?songId=84229,랩/힙합
320,T.O.P. (Twinkling Of Paradise),신화,1999,https://www.melon.com/song/detail.htm?songId=85861,댄스
321,Dreams Come True,S.E.S.,1999,https://www.melon.com/song/detail.htm?songId=75068,댄스
322,달려라 자전거,델리스파이스,1999,https://www.melon.com/song/detail.htm?songId=32845,"인디음악, 록/메탈"
323,가버려!!,박지윤,1999,https://www.melon.com/song/detail.htm?songId=8179114,댄스
324,너를 사랑해,S.E.S.,1999,https://www.melon.com/song/detail.htm?songId=75070,댄스
325,미안해 널 미워해,자우림,1999,https://www.melon.com/song/detail.htm?songId=91307,록/메탈
326,편지할께요,박정현,1999,https://www.melon.com/song/detail.htm?songId=1177976,R&B/Soul
327,첫사랑,임현정,1999,https://www.melon.com/song/detail.htm?songId=1839720,록/메탈
328,여전히 아름다운지,김연우,1999,https://www.melon.com/song/detail.htm?songId=83437,발라드
329,그대는 모릅니다,이승환,1999,https://www.melon.com/song/detail.htm?songId=81788,발라드
330,사랑하게 되면,안치환,1999,https://www.melon.com/song/detail.htm?songId=27676,포크/블루스
331,사랑하는 날까지,김종환,1999,https://www.melon.com/song/detail.htm?songId=1877177,성인가요
332,아름답게 사랑하는 날까지,김경호,1999,https://www.melon.com/song/detail.htm?songId=38753,록/메탈
333,슬픈 선물,김장훈,1999,https://www.melon.com/song/detail.htm?songId=37989,발라드
334,돌아와,클론,1999,https://www.melon.com/song/detail.htm?songId=91314,댄스
335,부메랑,김건모,1999,https://www.melon.com/song/detail.htm?songId=38541,발라드
336,실연,김종서,1999,https://www.melon.com/song/detail.htm?songId=38520,록/메탈
337,Beautiful Girl,일기예보,1999,https://www.melon.com/song/detail.htm?songId=88932,발라드
338,시작,박기영,1999,https://www.melon.com/song/detail.htm?songId=91232,록/메탈
339,하루 하루,타샤니,1999,https://www.melon.com/song/detail.htm?songId=84207,랩/힙합
340,이야기 속으로,조pd (ZoPD),1999,https://www.melon.com/song/detail.htm?songId=1786618,랩/힙합
341,만남,코요태,1999,https://www.melon.com/song/detail.htm?songId=83190,댄스
342,아이야! (I yah!),H.O.T.,1999,https://www.melon.com/song/detail.htm?songId=84781,댄스
343,Lying,샵,1999,https://www.melon.com/song/detail.htm?songId=84736,댄스
344,내 남은 사랑을 위해,홍경민,1999,https://www.melon.com/song/detail.htm?songId=80392,록/메탈
345,Happy Birthday To You,권진원,1999,https://www.melon.com/song/detail.htm?songId=38953,발라드
346,Gimme! Gimme!,컨츄리 꼬꼬,1999,https://www.melon.com/song/detail.htm?songId=83326,댄스
347,Shut Up!,유승준,1999,https://www.melon.com/song/detail.htm?songId=1073524,댄스
348,1tym,원타임,1999,https://www.melon.com/song/detail.htm?songId=81075,랩/힙합
349,바람과 함께 사라지다,임창정,1999,https://www.melon.com/song/detail.htm?songId=82877,댄스
350,관찰,god,1999,https://www.melon.com/song/detail.htm?songId=91308,댄스
351,Kiss Me,박진영,1999,https://www.melon.com/song/detail.htm?songId=88119,댄스
352,"Tell Me, Tell Me",샵,1999,https://www.melon.com/song/detail.htm?songId=86077,댄스
353,It`s You,더더 (THETHE),1999,https://www.melon.com/song/detail.htm?songId=33281,록/메탈
354,사랑을 위하여,김종환,1999,https://www.melon.com/song/detail.htm?songId=1877126,성인가요
355,니가 진짜로 원하는게 뭐야,Monocrom,1999,https://www.melon.com/song/detail.htm?songId=83138,록/메탈
356,순수,김민종,1999,https://www.melon.com/song/detail.htm?songId=38468,발라드
357,애수(哀愁),이문세,1999,https://www.melon.com/song/detail.htm?songId=1698079,발라드
358,세가지 소원,이승환,1999,https://www.melon.com/song/detail.htm?songId=81790,발라드
359,순정 (純情),코요태,1999,https://www.melon.com/song/detail.htm?songId=91310,댄스
360,지금은 우리가 멀리 있을지라도,김광민,1999,https://www.melon.com/song/detail.htm?songId=104083,뉴에이지
361,부담,백지영,1999,https://www.melon.com/song/detail.htm?songId=81926,댄스
362,어머님께,god,1999,https://www.melon.com/song/detail.htm?songId=91309,발라드
363,사랑과 영혼 (Feat. 김태영),클론,1999,https://www.melon.com/song/detail.htm?songId=105827,발라드
364,작별,이소은,1999,https://www.melon.com/song/detail.htm?songId=80697,발라드
365,너희가 힙합을 아느냐?,드렁큰 타이거,1999,https://www.melon.com/song/detail.htm?songId=33077,랩/힙합
366,꿍따리 샤바라,클론,1999,https://www.melon.com/song/detail.htm?songId=70896,댄스
367,Missing You,이현우,1999,https://www.melon.com/song/detail.htm?songId=81176,발라드
368,투혼(鬪魂) (The Spirit Of Fighter),H.O.T.,1999,https://www.melon.com/song/detail.htm?songId=80474,댄스
369,세,신효범,1999,https://www.melon.com/song/detail.htm?songId=91226,발라드
370,Blue Day,포지션,1999,https://www.melon.com/song/detail.htm?songId=85844,록/메탈
371,마지막 사랑,에코,1999,https://www.melon.com/song/detail.htm?songId=80649,발라드
372,영원으로,장혜진,1999,https://www.melon.com/song/detail.htm?songId=81343,발라드
373,우리는 Y.G Family,YG Family,1999,https://www.melon.com/song/detail.htm?songId=504835,랩/힙합
374,천년의 사랑,박완규,1999,https://www.melon.com/song/detail.htm?songId=84845,록/메탈
375,I`m Still Loving You,두리안,1999,https://www.melon.com/song/detail.htm?songId=33042,댄스
376,거짓말 같은 시간,김연우,1999,https://www.melon.com/song/detail.htm?songId=83410,발라드
377,실루엣,김현정,1999,https://www.melon.com/song/detail.htm?songId=38574,댄스
378,선택,백지영,1999,https://www.melon.com/song/detail.htm?songId=81920,댄스
379,난 널 원해,드렁큰 타이거,1999,https://www.melon.com/song/detail.htm?songId=33075,랩/힙합
380,Festival (인생은 아름다워),엄정화,1999,https://www.melon.com/song/detail.htm?songId=83471,댄스
381,연정/폼생폼사/기사도,젝스키스,1999,https://www.melon.com/song/detail.htm?songId=91636,"발라드, 댄스"
382,Love Affair,임창정,1999,https://www.melon.com/song/detail.htm?songId=82070,발라드
383,집착 (2009 Remastering),박미경,1999,https://www.melon.com/song/detail.htm?songId=2554061,댄스
384,하나되어 (Original Ver.),Now N New,1999,https://www.melon.com/song/detail.htm?songId=1003557,발라드
385,기적 (Duet With 이소은),김동률,1999,https://www.melon.com/song/detail.htm?songId=33728,발라드
386,기도 (Good),룰라,1999,https://www.melon.com/song/detail.htm?songId=37123,댄스
387,아무것도 몰라요,박지윤,1999,https://www.melon.com/song/detail.htm?songId=8179112,댄스
388,Yesterday (Newmix Version),김정민,1999,https://www.melon.com/song/detail.htm?songId=611989,발라드
389,예감,젝스키스,1999,https://www.melon.com/song/detail.htm?songId=83693,댄스
390,후회,조성모,1999,https://www.melon.com/song/detail.htm?songId=1816949,댄스
391,인연,이정봉,1999,https://www.melon.com/song/detail.htm?songId=83156,발라드
392,지각,유리상자,1999,https://www.melon.com/song/detail.htm?songId=534604,발라드
393,슬픈 침묵,유승준,1999,https://www.melon.com/song/detail.htm?songId=489872,댄스
394,태권 V,지누션,1999,https://www.melon.com/song/detail.htm?songId=81876,랩/힙합
395,Fever,조pd (ZoPD),1999,https://www.melon.com/song/detail.htm?songId=1786635,랩/힙합
396,호기심,한스 밴드,1999,https://www.melon.com/song/detail.htm?songId=84019,댄스
397,Winwin,브로스,1999,https://www.melon.com/song/detail.htm?songId=85291,랩/힙합
398,슬픈 독백,리아,1999,https://www.melon.com/song/detail.htm?songId=32728,록/메탈
399,아시나요,조성모,2000,https://www.melon.com/song/detail.htm?songId=106212,발라드
400,다 줄거야 (Acoustic Ver.),조규만,2000,https://www.melon.com/song/detail.htm?songId=1576735,발라드
401,Run To You,DJ DOC,2000,https://www.melon.com/song/detail.htm?songId=505165,"댄스, 랩/힙합"
402,거짓말,god,2000,https://www.melon.com/song/detail.htm?songId=10435,발라드
403,초련(初戀) (Techno Mix) (Feat. 윤진),클론,2000,https://www.melon.com/song/detail.htm?songId=91327,댄스
404,가시나무,조성모,2000,https://www.melon.com/song/detail.htm?songId=607552,발라드
405,흔들린 우정,홍경민,2000,https://www.melon.com/song/detail.htm?songId=87695,댄스
406,나의 연인(我戀),임창정,2000,https://www.melon.com/song/detail.htm?songId=86668,발라드
407,영원,스카이,2000,https://www.melon.com/song/detail.htm?songId=85674,"발라드, 록/메탈"
408,멍,김현정,2000,https://www.melon.com/song/detail.htm?songId=38426,댄스
409,오! 가니,컨츄리 꼬꼬,2000,https://www.melon.com/song/detail.htm?songId=4077,댄스
410,기도,정일영,2000,https://www.melon.com/song/detail.htm?songId=27600,"발라드, 국내드라마"
411,전설속의 누군가처럼,신승훈,2000,https://www.melon.com/song/detail.htm?songId=46218,발라드
412,너를 위해,임재범,2000,https://www.melon.com/song/detail.htm?songId=3680,발라드
413,바보,박효신,2000,https://www.melon.com/song/detail.htm?songId=85108,R&B/Soul
414,그대가 그대를,이승환,2000,https://www.melon.com/song/detail.htm?songId=445159,발라드
415,매직 카펫 라이드,자우림,2000,https://www.melon.com/song/detail.htm?songId=9270,록/메탈
416,중독된 사랑,조장혁,2000,https://www.melon.com/song/detail.htm?songId=2270749,발라드
417,해줄 수 없는 일,박효신,2000,https://www.melon.com/song/detail.htm?songId=85707,R&B/Soul
418,고백,박혜경,2000,https://www.melon.com/song/detail.htm?songId=85900,록/메탈
419,비(悲)의 Rhapsody,최재훈,2000,https://www.melon.com/song/detail.htm?songId=75233,록/메탈
420,Love,윤현석,2000,https://www.melon.com/song/detail.htm?songId=88423,발라드
421,오랜 방황의 끝,김태영,2000,https://www.melon.com/song/detail.htm?songId=34093,발라드
422,Day By Day,플라이 투 더 스카이,2000,https://www.melon.com/song/detail.htm?songId=86166,R&B/Soul
423,Tears,소찬휘,2000,https://www.melon.com/song/detail.htm?songId=1140592,댄스
424,,박상민,2000,https://www.melon.com/song/detail.htm?songId=67169,발라드
425,잘됐어!!!,샵,2000,https://www.melon.com/song/detail.htm?songId=88409,댄스
426,Lie (Radio Ver.),화요비,2000,https://www.melon.com/song/detail.htm?songId=27833,R&B/Soul
427,어제처럼,제이,2000,https://www.melon.com/song/detail.htm?songId=3824,R&B/Soul
428,와인,김경호,2000,https://www.melon.com/song/detail.htm?songId=3690,록/메탈
429,바꿔,이정현,2000,https://www.melon.com/song/detail.htm?songId=85257,댄스
430,그대니까요 (Duet With 차은주),김현철,2000,https://www.melon.com/song/detail.htm?songId=1002851,발라드
431,와,이정현,2000,https://www.melon.com/song/detail.htm?songId=85258,댄스
432,One Love,원타임,2000,https://www.melon.com/song/detail.htm?songId=91329,랩/힙합
433,요즘 너는,이현우,2000,https://www.melon.com/song/detail.htm?songId=610483,발라드
434,서방님,이소은,2000,https://www.melon.com/song/detail.htm?songId=86327,발라드
435,맥주와 땅콩,쿨 (COOL),2000,https://www.melon.com/song/detail.htm?songId=27236,댄스
436,I Believe,이수영,2000,https://www.melon.com/song/detail.htm?songId=1564057,발라드
437,애수(哀愁),god,2000,https://www.melon.com/song/detail.htm?songId=91325,댄스
438,Cyber Lover,터보,2000,https://www.melon.com/song/detail.htm?songId=1606631,댄스
439,머피의 법칙,DJ DOC,2000,https://www.melon.com/song/detail.htm?songId=33146,"발라드, 댄스, 랩/힙합"
440,너를 보내고,YB,2000,https://www.melon.com/song/detail.htm?songId=91322,록/메탈
441,부메랑,김건모,2000,https://www.melon.com/song/detail.htm?songId=38541,발라드
442,Sad Salsa,백지영,2000,https://www.melon.com/song/detail.htm?songId=87310,댄스
443,"힘을 내요, 미스터 김",롤러 코스터,2000,https://www.melon.com/song/detail.htm?songId=37100,록/메탈
444,성인식,박지윤,2000,https://www.melon.com/song/detail.htm?songId=27638,댄스
445,울트라맨이야,서태지,2000,https://www.melon.com/song/detail.htm?songId=88794,록/메탈
446,Blue Sky,박기영,2000,https://www.melon.com/song/detail.htm?songId=82594,록/메탈
447,사슬,서문탁,2000,https://www.melon.com/song/detail.htm?songId=27561,록/메탈
448,Annie,윤종신,2000,https://www.melon.com/song/detail.htm?songId=87019,발라드
449,Now,핑클 (Fin.K.L),2000,https://www.melon.com/song/detail.htm?songId=27654,댄스
450,너,이정현,2000,https://www.melon.com/song/detail.htm?songId=91021,댄스
451,크로스,엄정화,2000,https://www.melon.com/song/detail.htm?songId=62185,댄스
452,Marry Me,이현우,2000,https://www.melon.com/song/detail.htm?songId=610559,록/메탈
453,Friday Night,god,2000,https://www.melon.com/song/detail.htm?songId=91326,댄스
454,해석남녀,쿨 (COOL),2000,https://www.melon.com/song/detail.htm?songId=27232,댄스
455,삐에로 (Feat. JED Of D.Bace),이현도,2000,https://www.melon.com/song/detail.htm?songId=86575,랩/힙합
456,왜,김민종,2000,https://www.melon.com/song/detail.htm?songId=38558,발라드
457,주문을 걸어,박혜경,2000,https://www.melon.com/song/detail.htm?songId=91014,록/메탈
458,ID; Peace B,보아 (BoA),2000,https://www.melon.com/song/detail.htm?songId=27845,댄스
459,그대 내게 묻는다면,유리상자,2000,https://www.melon.com/song/detail.htm?songId=46163,발라드
460,가니,진주,2000,https://www.melon.com/song/detail.htm?songId=1087403,발라드
461,아름다운 아픔,김민종,2000,https://www.melon.com/song/detail.htm?songId=38557,발라드
462,왠지 느낌이 좋아,여행스케치,2000,https://www.melon.com/song/detail.htm?songId=9956,포크/블루스
463,부탁,김원준,2000,https://www.melon.com/song/detail.htm?songId=87898,"발라드, 댄스"
464,다짐,조성모,2000,https://www.melon.com/song/detail.htm?songId=106215,댄스
465,연가,유승준,2000,https://www.melon.com/song/detail.htm?songId=489869,댄스
466,너 정말?,김현정,2000,https://www.melon.com/song/detail.htm?songId=38423,댄스
467,Only One,신화,2000,https://www.melon.com/song/detail.htm?songId=91331,댄스
468,한 (Come A Come),샤크라,2000,https://www.melon.com/song/detail.htm?songId=26822,댄스
469,가시나무,시인과 촌장,2000,https://www.melon.com/song/detail.htm?songId=987282,발라드
470,편지,채정안,2000,https://www.melon.com/song/detail.htm?songId=87596,댄스
471,UPT Paradoxxx,업타운,2000,https://www.melon.com/song/detail.htm?songId=86104,랩/힙합
472,위대한 탄생 (Fetticcini),드렁큰 타이거,2000,https://www.melon.com/song/detail.htm?songId=37516,랩/힙합
473,Time Out,제이,2000,https://www.melon.com/song/detail.htm?songId=3827,R&B/Soul
474,Back To The Real Life,윤상,2000,https://www.melon.com/song/detail.htm?songId=1175789,발라드
475,You Mean Everything To Me,박정현,2000,https://www.melon.com/song/detail.htm?songId=75279,R&B/Soul
476,Dash,백지영,2000,https://www.melon.com/song/detail.htm?songId=87307,댄스
477,Outside Castle (The Castle Outsiders),H.O.T.,2000,https://www.melon.com/song/detail.htm?songId=75263,댄스
478,飛上(비,주석,2000,https://www.melon.com/song/detail.htm?songId=9879,랩/힙합
479,다 알아요,양파,2000,https://www.melon.com/song/detail.htm?songId=494157,발라드
480,Passion,코요태,2000,https://www.melon.com/song/detail.htm?songId=10124,댄스
481,천애 (For You......),이지훈,2000,https://www.melon.com/song/detail.htm?songId=87039,발라드
482,꼭!,김건모,2000,https://www.melon.com/song/detail.htm?songId=38542,댄스
483,욕망이란 이름...,박완규,2000,https://www.melon.com/song/detail.htm?songId=88776,록/메탈
484,이등병의 편지,김광석,2000,https://www.melon.com/song/detail.htm?songId=3849494,포크/블루스
485,Rain,이적,2000,https://www.melon.com/song/detail.htm?songId=81713,발라드
486,엄마야,신승훈,2000,https://www.melon.com/song/detail.htm?songId=86981,댄스
487,Escape,엄정화,2000,https://www.melon.com/song/detail.htm?songId=46195,댄스
488,이해할께,김현성,2000,https://www.melon.com/song/detail.htm?songId=38210,발라드
489,거짓말처럼,김현정,2000,https://www.melon.com/song/detail.htm?songId=38504,발라드
490,날 닮은 너,임창정,2000,https://www.melon.com/song/detail.htm?songId=10291,발라드
491,,조성모,2000,https://www.melon.com/song/detail.htm?songId=1139376,댄스
492,아가페,이브,2000,https://www.melon.com/song/detail.htm?songId=4067,록/메탈
493,Hey U,샤크라,2000,https://www.melon.com/song/detail.htm?songId=26837,댄스
494,노을의 연가,주영훈,2000,https://www.melon.com/song/detail.htm?songId=86857,발라드
495,831 8,제이,2000,https://www.melon.com/song/detail.htm?songId=3822,R&B/Soul
496,Why,베이비 복스,2000,https://www.melon.com/song/detail.htm?songId=79621,댄스
497,그대도...내게도...,에코,2000,https://www.melon.com/song/detail.htm?songId=37756,발라드
498,풍변기곡(風變旗曲),룰라,2000,https://www.melon.com/song/detail.htm?songId=37148,댄스
